Text,Tag
GST,O
INVOICE(Page,O
2,O
),O
(,O
ORIGINAL,O
FOR,O
RECIPIENT,O
),O
Invoice,B-INV_L
No,I-INV_L
.,I-INV_L
SM/19,B-INV_NO
-,I-INV_NO
20/001245,I-INV_NO
Delivery,O
Note,O
e,O
-,O
Way,O
Bill,O
No,O
.,O
Dated,B-INV_DL
2.91109E+11,O
24-May-19,B-INV_DT
Mode,O
/,O
Terms,O
of,O
Payment,O
Other,O
Reference(s,O
),O
A,B-SUPP_N
MARKETING,I-SUPP_N
(,O
MANGALWAR,O
PETH,O
),O
shop,O
No.6,O
Llyods,O
Chamber,O
Barne,O
Road,O
409,O
Mangalwar,O
Peth,O
Pune,O
GSTIN,B-GSTL
/,I-GSTL
UIN,I-GSTL
:,O
27ADXPS3921J1ZT,B-SUPP_G
State,O
Name,O
:,O
Maharashtra,O
Code,O
:,O
27,O
Contact,O
:,O
20,O
-,O
-,O
26052747,O
E,O
-,O
Mail,O
:,O
shahmarketing4@gmail.com,O
Buyer,O
SIDDHARTH,B-BUY_N
PROPERTIES,I-BUY_N
GEETAI,O
SANKUL,O
2ND,O
FLOOR,O
PAUD,O
ROAD,O
NEAR,O
RELIANCE,O
FRESH,O
PUNE,O
.,O
GSTIN,B-GSTL
/,I-GSTL
UIN,I-GSTL
:,O
27AAZFS3607C1ZY,B-BUY_G
State,O
Name,O
:,O
Maharashtra,O
Code,O
:,O
27,O
Supplier,O
's,O
Ref,O
.,O
QUOTATION442,O
Buyer,O
's,O
Order,O
No,O
.,O
QUOTATION442,O
Despatch,O
Document,O
No,O
.,O
Dated,O
10-May-19,O
Delivery,O
Note,O
Date,O
Despatched,O
through,O
Destination,O
Contact,O
person,O
Contact,O
E,O
-,O
Mail,O
:,O
Mr.,O
Thube,O
/,O
Mane,O
:,O
8308824752,O
nilesh.mane@saarrthigroup.co.in,O
Terms,O
of,O
Delivery,O
MADHUWANTI,O
S.No;-1571A,O
/,O
B,O
/,O
C2,O
Next,O
to,O
Mruthujaya,O
Mandir,O
Near,O
Karve,O
Statue,O
Karve,O
Raod,O
Kothrud,O
Pune,O
Po,O
No:-13064,O
Description,O
of,O
Goods,O
HSN,O
/,O
SAC,O
SI,O
No,O
.,O
Quantity,O
Rate,O
GST,O
Rate,O
per,O
Disc,O
.,O
%,O
Amount,O
29,O
Upvc,O
Sch-80,O
Pipe,O
"1/2""x",O
3mtr,O
(,O
Ajay,O
),O
30,O
Upvc,O
Sch-80,O
Pipe,O
"3/4""x3mtr",O
(,O
Ajay,O
),O
31,O
Upvc,O
Sch-80,O
Pipe,O
"2""x",O
3mtr,O
(,O
Ajay,O
),O
32,O
Upvc,O
Sch-80,O
Pipe,O
2,O
"1/2""x3mtr",O
(,O
Ajay,O
),O
33,O
UPVC,O
TESTED,O
NON,O
NSF,O
BALLVALVE,O
01-Feb,O
"""",O
34,O
UPVC,O
TESTED,O
NON,O
NSF,O
BALLVALVE,O
03-Apr,O
"""",O
35,O
UPVC,O
TESTED,O
NON,O
NSF,O
BALLVALVE,O
1,O
"""",O
36,O
UPVC,O
TESTED,O
NON,O
NSF,O
BALLVALVE,O
1,O
-,O
01-Apr,O
"""",O
37,O
UPVC,O
TESTED,O
NON,O
NSF,O
BALLVALVE,O
2,O
"""",O
38,O
UPVC,O
R.,O
TEE,O
1,O
"1/2""X",O
01-Feb,O
"""",O
Sch-80,O
(,O
AJAY,O
),O
39,O
UPVC,O
SOCKET,O
1,O
01-Feb,O
"""",O
SCH-80,O
(,O
AJAY,O
),O
40,O
UPVC,O
R.,O
TEE,O
1,O
"1/2""X1",O
01-Apr,O
"""",O
Sch-80,O
(,O
AJAY,O
),O
41,O
UPVC,O
NSF,O
BALVALVE,O
21-Feb,O
"""",O
(,O
AJAY,O
),O
42,O
Upvc,O
Bushing-2,O
01-Feb,O
"""",O
x,O
2,O
"""",O
Sch80,O
(,O
Ajay,O
),O
43,O
Upvc,O
Bushing,O
1,O
"1/2""X",O
1,O
01-Apr,O
"""",O
Sch-80,O
(,O
Ajay,O
),O
44,O
Upvc,O
Bushing,O
"2""x",O
1,O
01-Feb,O
"""",O
Sch-80,O
(,O
Ajay,O
),O
45,O
Upvc,O
R.Tee,O
"3/4""x",O
01-Feb,O
"""",O
Sch-80,O
(,O
Ajay,O
),O
46,O
UPVC,O
R.,O
TEE,O
"2""X",O
01-Feb,O
"""",O
Sch-80,O
(,O
AJAY,O
),O
47,O
UPVC,O
R.TEE,O
"2""X1",O
01-Apr,O
"""",O
Sch-80,O
(,O
AJAY,O
),O
48,O
Upvc,O
R.Tee,O
2,O
"1/2""x",O
1,O
01-Apr,O
"""",O
Sch-80,O
(,O
Ajay,O
),O
49,O
.,O
UPVC,O
R.,O
TEE,O
1,O
"1/2""X",O
03-Apr,O
"""",O
Sch-80,O
(,O
AJAY,O
),O
50,O
UPVC,O
M.T.A,O
BRASS,O
2,O
"""",O
Sch-80,O
(,O
AJAY,O
),O
51,O
UPVC,O
M.T.A.,O
BRASS,O
1,O
01-Feb,O
"""",O
(,O
AJAY,O
),O
52,O
UPVC,O
TEE,O
01-Feb,O
"""",O
Sch-80,O
(,O
AJAY,O
),O
53,O
Upvc,O
R.Tee,O
2,O
"""",O
x,O
03-Apr,O
"""",O
Sch-80,O
(,O
Ajay,O
),O
54,O
Upvc,O
Tee,O
-,O
2,O
01-Feb,O
"""",O
Sch-80,O
(,O
Ajay,O
),O
55,O
Upvc,O
Bushing-,O
2,O
01-Feb,O
"""",O
x,O
2,O
"""",O
Sch80,O
(,O
Ajay,O
),O
3917,O
3917,O
3917,O
3917,O
3917,O
3917,O
3917,O
3917,O
3917,O
3917,O
3917,O
3917,O
8481,O
3917,O
3917,O
3917,O
3917,O
3917,O
3917,O
3917,O
3917,O
3917,O
3917,O
3917,O
3917,O
3917,O
3917,O
18,O
%,O
196,O
Nos,O
223.2,O
.,O
Nos,O
.,O
18,O
%,O
126,O
Nose,O
312.6,O
Nos,O
.,O
18,O
%,O
118,O
Nos,O
.,O
18,O
%,O
110,O
Nos,O
.,O
18,O
%,O
368,O
Nos,O
58,O
.,O
Nos,O
.,O
18,O
%,O
46,O
Nos,O
.,O
88,O
Nos,O
.,O
18,O
%,O
40,O
Nos,O
.,O
119,O
.,O
Nos,O
.,O
18,O
%,O
198,O
Nos,O
256,O
Nos,O
.,O
18,O
%,O
34,O
Nos,O
.,O
475,O
Nos,O
.,O
18,O
%,O
90,O
Nos,O
78.9,O
Nos,O
.,O
18,O
%,O
32,O
Nos,O
.,O
42.6,O
Nos,O
.,O
18,O
%,O
44,O
Nos,O
91.4,O
.,O
Nos,O
.,O
18,O
%,O
6,O
Nos,O
Nos,O
.,O
18,O
%,O
22,O
Nos,O
.,O
76.80.-Nos,O
.,O
18,O
%,O
60,O
Nos,O
11.8,O
Nos,O
.,O
18,O
%,O
40,O
Nos,O
.,O
33.7,O
Nos,O
.,O
18,O
%,O
84,O
Nos,O
.,O
24,O
.,O
Nos,O
.,O
18,O
%,O
24,O
Nos,O
.,O
127.1,O
.,O
Nos,O
.,O
18,O
%,O
64,O
Nos,O
.,O
132.5,O
Nos,O
.,O
18,O
%,O
68,O
Nos,O
.,O
368.3,O
..,O
Nos,O
.,O
18,O
%,O
16,O
Nos,O
.,O
79.601,O
Nos,O
.,O
18,O
%,O
16,O
Nos,O
655,O
.,O
Nos,O
.,O
18,O
%,O
42,O
Nos,O
.,O
502.7,O
Nos,O
.,O
18,O
%,O
68,O
Nos,O
.,O
16.9,O
Nos,O
.,O
18,O
%,O
24,O
Nos,O
:,O
125,O
Nos,O
.,O
18,O
%,O
10,O
Nos,O
.,O
287.2,O
-,O
Nos,O
.,O
18,O
%,O
10,O
Nos,O
.,O
76.8,O
Nos,O
.,O
54,O
%,O
54,O
%,O
54,O
%,O
54,O
%,O
54,O
%,O
54,O
%,O
54,O
%,O
54,O
%,O
54,O
%,O
54,O
%,O
54,O
%,O
54,O
%,O
54,O
%,O
54,O
%,O
54,O
%,O
54,O
%,O
54,O
%,O
54,O
%,O
54,O
%,O
54,O
%,O
54,O
%,O
54,O
%,O
54,O
%,O
54,O
%,O
54,O
%,O
54,O
%,O
54,O
%,O
627.07,O
777.22,O
325.68,O
620.08,O
927.36,O
585.86,O
528.63,O
353.28,O
continued,O
...,O
an,O
SUBJECT,O
TO,O
PUNE,O
JURISDICTION,O
This,O
is,O
a,O
Computer,O
Generated,O
Invoice,O
