Text,Tag
GST,O
INVOICE,O
1,O
(,O
ORIGINAL,O
FOR,O
RECIPIENT,O
),O
Invoice,B-INV_L
No,I-INV_L
.,I-INV_L
SM/19,B-INV_NO
-,I-INV_NO
20/001245,I-INV_NO
Delivery,O
Note,O
e,O
-,O
Way,O
Bill,O
No,O
.,O
Dated,B-INV_DL
2.91109E+11,O
24-May-19,B-INV_DT
Mode,O
/,O
Terms,O
of,O
Payment,O
Other,O
Reference(s,O
),O
SHAH,B-SUPP_N
MARKETING,I-SUPP_N
(,O
MANGALWAR,O
PETH,O
),O
Shop,O
No.6,O
Llyods,O
Chamber,O
Barne,O
Road,O
409,O
Mangalwar,O
Peth,O
Pune,O
GSTIN,B-GSTL
/,I-GSTL
UIN,I-GSTL
:,O
27ADXPS3921J1ZT,B-SUPP_G
State,O
Name,O
:,O
Maharashtra,O
Code,O
:,O
27,O
Contact,O
:,O
20,O
-,O
-,O
26052747,O
E,O
-,O
Mail,O
:,O
shahmarketing4@gmail.com,O
Buyer,O
SIDDHARTH,B-BUY_N
PROPERTIES,I-BUY_N
GEETAI,O
SANKUL,O
2ND,O
FLOOR,O
PAUD,O
ROAD,O
NEAR,O
RELIANCE,O
FRESH,O
PUNE,O
.,O
GSTIN,B-GSTL
/,I-GSTL
UIN,I-GSTL
:,O
27AAZFS3607C1ZY,B-BUY_G
State,O
Name,O
:,O
Maharashtra,O
Code,O
:,O
27,O
Supplier,O
's,O
Ref,O
.,O
QUOTATION442,O
Buyer,O
's,O
Order,O
No,O
.,O
QUOTATION442,O
Despatch,O
Document,O
No,O
.,O
Dated,O
10-May-19,O
Delivery,O
Note,O
Date,O
Despatched,O
through,O
Destination,O
Contact,O
person,O
Contact,O
E,O
-,O
Mail,O
:,O
Mr.,O
Thube,O
/,O
Mane,O
:,O
8308824752,O
:,O
nilesh.mane@saarrthigroup.co.in,O
Terms,O
of,O
Delivery,O
MADHUWANTI,O
S.No;-1571A,O
/,O
B,O
/,O
to,O
Mruthujaya,O
Mandir,O
Near,O
Karve,O
Statue,O
Karve,O
Raod,O
Kothrud,O
Pune,O
Po,O
No:-13064,O
SI,O
No,O
.,O
Description,O
of,O
Goods,O
HSN,O
/,O
SAC,O
GST,O
Rate,O
Quantity,O
Rate,O
per,O
Disc,O
.,O
%,O
Amount,O
1,O
UPVC,O
SOCKET,O
1,O
01-Apr,O
"""",O
SCH-80,O
(,O
AJAY,O
),O
2,O
UPVC,O
SOCKET,O
2,O
"""",O
Sch-80,O
(,O
AJAY,O
),O
3,O
UPVC,O
SOCKET,O
2,O
01-Feb,O
"""",O
Sch-80,O
(,O
AJAY,O
),O
4,O
Upvc,O
Elbow,O
01-Feb,O
"""",O
90deg,O
Sch-80,O
(,O
Ajay,O
),O
5,O
Upvc,O
Elbow,O
1,O
"""",O
90deg,O
Sch-80,O
(,O
Ajay,O
),O
6,O
UPVC,O
Elbow,O
1,O
01-Apr,O
"""",O
90Deg,O
Sch-80,O
(,O
Ajay,O
),O
7,O
Upvc,O
Elbow,O
1,O
01-Feb,O
"""",O
90,O
Deg,O
Sch-80,O
(,O
Ajay,O
),O
8,O
.,O
UPVC,O
ELBOW,O
2,O
"""",O
90,O
DEG,O
SCH-80,O
(,O
AJAY,O
),O
9,O
UPVC,O
ELBOW,O
2,O
01-Feb,O
"""",O
90-DEG,O
Sch-80,O
(,O
AJAY,O
),O
10,O
UPVC,O
TEE,O
1,O
"""",O
Sch-80,O
(,O
AJAY,O
),O
11,O
UPVC,O
TEE,O
1,O
01-Apr,O
"""",O
Sch-80,O
(,O
AJAY,O
),O
12,O
UPVC,O
TEE,O
2,O
"""",O
(,O
AJAY,O
),O
13,O
Upvc,O
Tee,O
-,O
2,O
01-Feb,O
"""",O
Sch-80,O
(,O
Ajay,O
),O
14,O
UPVC,O
END,O
CAP,O
01-Feb,O
Sch-80,O
(,O
AJAY,O
),O
15,O
Upvc,O
End,O
Cap,O
03-Apr,O
"""",O
Sch-80,O
(,O
Ajay,O
),O
16,O
UPVC,O
END,O
CAP,O
1,O
01-Apr,O
"""",O
Sch-80,O
(,O
AJAY,O
),O
17,O
Upvc,O
Bushing,O
"3/4""x",O
01-Feb,O
"""",O
Sch-80,O
(,O
Ajay,O
),O
18,O
Upvc,O
Bushing,O
"1""x",O
03-Apr,O
"""",O
Sch-80,O
(,O
Ajay,O
),O
19,O
UPVC,O
BUSHING,O
1,O
"1/4""X1",O
"""",O
Sch-80,O
(,O
AJAY,O
),O
20,O
Upvc,O
R.Tee,O
"3/4""x",O
01-Feb,O
"""",O
Sch-80,O
(,O
Ajay,O
),O
21,O
UPVC,O
R.,O
TEE,O
1,O
"""",O
X,O
01-Feb,O
"""",O
Sch-80,O
(,O
AJAY,O
),O
22,O
UPVC,O
R.,O
TEE,O
"1""X",O
03-Apr,O
"""",O
Sch-80,O
(,O
AJAY,O
),O
23,O
UPVC,O
R.,O
TEE,O
1,O
"1/4""X",O
01-Feb,O
"""",O
Sch-80,O
(,O
AJAY,O
),O
24,O
UPVC,O
R.,O
TEE,O
1,O
"1/4""X",O
03-Apr,O
"""",O
Sch-80,O
(,O
AJAY,O
),O
25,O
UPVC,O
M.T.A,O
BRASS,O
1,O
"""",O
Sch-80,O
(,O
AJAY,O
),O
26,O
UPVC,O
SCH-40,O
PIPE,O
"1""X3MTR",O
(,O
AJAY,O
),O
27,O
Upvc,O
Sch-40,O
Pipe,O
1,O
"1/4""X3mtr",O
(,O
Ajay,O
),O
28,O
Upvc,O
Sch-40,O
Pipe,O
1,O
"1/2""X3mtr",O
(,O
Ajay,O
),O
3917,O
3917,O
3917,O
3917,O
3917,O
3917,O
3917,O
3917,O
3917,O
3917,O
3917,O
3917,O
3917,O
3917,O
3917,O
3917,O
3917,O
3917,O
3917,O
3917,O
3917,O
3917,O
3917,O
3917,O
3917,O
3917,O
3917,O
3917,O
18,O
%,O
40,O
Nos,O
.,O
18,O
%,O
28,O
Nos,O
.,O
18,O
%,O
48,O
Nos,O
18,O
%,O
330,O
Nos,O
18,O
%,O
28,O
Nos,O
18,O
%,O
236,O
Nos,O
18,O
%,O
14,O
Nos,O
.,O
18,O
%,O
30,O
Nos,O
.,O
18,O
%,O
22,O
Nos,O
18,O
%,O
36,O
Nos,O
18,O
%,O
54,O
Nos,O
18,O
%,O
12,O
Nos,O
.,O
18,O
%,O
4,O
Nos,O
.,O
18,O
%,O
16,O
Nos,O
18,O
%,O
10,O
NOS,O
18,O
%,O
26,O
Nos,O
18,O
%,O
48,O
Nos,O
.,O
18,O
%,O
48,O
Nos,O
18,O
%,O
54,O
Nos,O
.,O
18,O
%,O
44,O
Nos,O
.,O
18,O
%,O
114,O
Nos,O
.,O
18,O
%,O
56,O
Nos,O
.,O
18,O
%,O
124,O
Nos,O
.,O
18,O
%,O
12,O
Nos,O
.,O
18,O
%,O
24,O
Nos,O
18,O
%,O
60,O
Nos,O
.,O
18,O
%,O
260,O
Nossem,O
18,O
%,O
128,O
Nos,O
.,O
ANYWWWWWWWW,O
32.20-NOS,O
.,O
57.5,O
.,O
Nos,O
.,O
137.4,O
Nos,O
.,O
12.7,O
Nos,O
.,O
30.9,O
Nos,O
.,O
48.00.Nos,O
.,O
63.80.Nos,O
.,O
94.7,O
Aos,O
.,O
222.5,O
Nos,O
.,O
41.70-Nos,O
.,O
61.4,O
.,O
Nos,O
.,O
131.10.Nos,O
.,O
287.2,O
Nos,O
.,O
6.7,O
Nos,O
.,O
9.7,O
Nos,O
.,O
22.6,O
Nos,O
.,O
4.3,O
Nos,O
.,O
40.8,O
Nos,O
.,O
15.5,O
Nos,O
.,O
24,O
.,O
Nos,O
.,O
40.50-Nos,O
.,O
40.80.Nos,O
.,O
61.4,O
Nos,O
.,O
79.6,O
Nos,O
.,O
237.2,O
.,O
Nos,O
.,O
346.5,O
Nos,O
.,O
488.4,O
.,O
Nos,O
.,O
559.5,O
Nos,O
.,O
54,O
A,O
54,O
%,O
54,O
%,O
54,O
%,O
54,O
%,O
54,O
%,O
54,O
%,O
54,O
%,O
54,O
%,O
54,O
%,O
54,O
%,O
54,O
%,O
54,O
%,O
54,O
%,O
54,O
%,O
54,O
%,O
54,O
%,O
54,O
%,O
54,O
%,O
54,O
%,O
54,O
%,O
54,O
%,O
54,O
%,O
54,O
%,O
54,O
%,O
54,O
%,O
54,O
%,O
592.48,O
740.6,O
723.67,O
528.45,O
49.31,O
44.62,O
270.3,O
94.94,O
900.86,O
385.02,O
485.76,O
54,O
%,O
continued,O
...,O
SITE,O
NAME,O
:,O
RECEIVED,O
glo,O
DATE,O
:,O
S16119,O
P.O.:-,O
13094,O
GRN,O
:,O
16213it,O
M,O
CN,O
.,O
NO,O
GRN,O
:,O
SHAH,O
Fune,O
SUBJECT,O
TO,O
PUNE,O
JURISDICTION,O
This,O
is,O
a,O
Computer,O
Generated,O
Invoice,O
