Text,Tag
GST,O
INVOICE,O
Page,O
2,O
),O
(,O
ORIGINAL,O
FOR,O
RECIPIENT,O
),O
Invoice,B-INV_L
No,I-INV_L
.,I-INV_L
e,O
-,O
Way,O
B,O
No,O
.,O
Dated,B-INV_DL
SM/19,B-INV_NO
-,I-INV_NO
201001328,I-INV_NO
2.6111E+11,O
27-May-19,B-INV_DT
Delivery,O
Note,O
Mode,O
/,O
Terms,O
of,O
Payment,O
Other,O
Reference(s,O
),O
SHAH,B-SUPP_N
MARKETING,I-SUPP_N
(,O
MANGALWAR,O
PETH,O
),O
Shop,O
No.6,O
Llyods,O
Chamber,O
Barne,O
Road,O
409,O
Mangalwar,O
Peth,O
Pune,O
GSTIN,B-GSTL
/,I-GSTL
UIN,I-GSTL
:,O
27ADXPS3921J1ZT,B-SUPP_G
State,O
Name,O
:,O
Maharashtra,O
Code,O
:,O
27,O
Contact,O
:,O
20,O
-,O
-,O
26052747,O
E,O
-,O
Mail,O
:,O
shahmarketing4@gmail.com,O
Buyer,O
SIDDHARTH,B-BUY_N
PROPERTIES,I-BUY_N
GEETAI,O
SANKUL,O
2ND,O
FLOOR,O
PAUD,O
ROAD,O
NEAR,O
RELIANCE,O
FRESH,O
PUNE,O
.,O
GSTIN,B-GSTL
/,I-GSTL
UIN,I-GSTL
:,O
27AAZFS3607C1ZY,B-BUY_G
State,O
Name,O
:,O
Maharashtra,O
Code,O
:,O
27,O
Supplier,O
's,O
Ref,O
.,O
QUOTATION486,O
Buyer,O
's,O
Order,O
No,O
.,O
QUOTATION486,O
Despatch,O
Document,O
No,O
.,O
Dated,O
15-May-19,O
Delivery,O
Note,O
Date,O
Despatched,O
through,O
Destination,O
Terms,O
of,O
Delivery,O
Skybay,O
.,O
Sr,O
.,O
No;-60/1,O
Mouze,O
Mhalunge,O
Pune,O
Po,O
No;-13116,O
Contact,O
person,O
Contact,O
E,O
-,O
Mail,O
:,O
Mr.,O
Thube,O
/,O
Mane,O
:,O
8308824752,O
:,O
nilesh.mane@saarrthigroup.co.in,O
SI,O
No,O
.,O
Description,O
of,O
Goods,O
HSN,O
/,O
SAC,O
GST,O
Rate,O
Quantity,O
Rate,O
per,O
Disc,O
.,O
%,O
Amount,O
29,O
Upvc,O
-,O
Sch80,O
Pipe,O
-,O
1,O
"1/4""X",O
3mtr(Ajay,O
),O
3917,O
30,O
UPVC,O
-,O
SCH80,O
-,O
PIPE,O
-,O
1,O
"1/2""x",O
3Mtr,O
(,O
AJAY,O
),O
3917,O
31,O
Upvc,O
Sch-80,O
Pipe,O
2,O
"1/2""x3mtr",O
(,O
Ajay,O
),O
3917,O
32,O
UPVC,O
TESTED,O
NON,O
NSF,O
BALLVALVE,O
01-Feb,O
"""",O
3917,O
33,O
UPVC,O
TESTED,O
NON,O
NSF,O
BALLVALVE,O
03-Apr,O
"""",O
3917,O
34,O
UPVC,O
TESTED,O
NON,O
NSF,O
BALLVALVE,O
1,O
-,O
01-Apr,O
"""",O
3917,O
35,O
UPVC,O
TESTED,O
NON,O
NSF,O
BALLVALVE,O
1,O
-,O
01-Feb,O
"""",O
3917,O
36,O
UPVC,O
TESTED,O
NON,O
NSF,O
BALLVALVE,O
2,O
"""",O
3917,O
37,O
UPVC,O
R.,O
TEE,O
1,O
"1/2""X",O
01-Feb,O
"""",O
Sch-80,O
(,O
AJAY,O
),O
3917,O
38,O
UPVC,O
SOCKET,O
1,O
01-Feb,O
"""",O
SCH-80,O
(,O
AJAY,O
),O
3917,O
39,O
UPVC,O
SOCKET,O
1,O
01-Apr,O
"""",O
SCH-80,O
(,O
AJAY,O
),O
3917,O
40,O
UPVC,O
R.,O
TEE,O
1,O
"1/2""X1",O
01-Apr,O
"""",O
Sch-80,O
(,O
AJAY,O
),O
3917,O
41,O
UPVC,O
R.,O
SOCKET,O
1,O
"1/2""X",O
1,O
01-Apr,O
"""",O
Sch-80,O
(,O
AJAY,O
),O
3917,O
42,O
UPVC,O
R.,O
SOCKET,O
1,O
"1/4""X1",O
"""",O
Sch-80,O
(,O
AJAY,O
),O
3917,O
43,O
Upvc,O
R.,O
Socket,O
"1""X",O
03-Apr,O
"""",O
Sch-80,O
(,O
Ajay,O
),O
3917,O
44,O
Upvc,O
R.Tee,O
"3/4""x",O
01-Feb,O
"""",O
Sch-80,O
(,O
Ajay,O
),O
3917,O
45,O
UPVC,O
R.TEE,O
"2""X1",O
01-Apr,O
"""",O
Sch-80,O
(,O
AJAY,O
),O
3917,O
46,O
Upvc,O
R.,O
Tee,O
"2""x",O
1,O
01-Feb,O
"""",O
Sch-80,O
(,O
Ajay,O
),O
3917,O
47,O
UPVC,O
R.,O
Socket,O
"2""X",O
1,O
01-Feb,O
"""",O
Sch-80,O
(,O
Ajay,O
),O
3917,O
48,O
UPVC,O
SOCKET,O
2,O
01-Feb,O
"""",O
Sch-80,O
(,O
AJAY,O
),O
3917,O
49,O
Upvc,O
Bushing-2,O
01-Feb,O
"""",O
x,O
2,O
"""",O
Sch80,O
(,O
Ajay,O
),O
3917,O
50,O
Upvc,O
R.Tee,O
2,O
"1/2""x",O
1,O
01-Apr,O
"""",O
Sch-80,O
(,O
Ajay,O
),O
3917,O
51,O
UPVC,O
M.T.A,O
BRASS,O
2,O
"""",O
Sch-80,O
(,O
AJAY,O
),O
3917,O
52,O
UPVC,O
F.T.A,O
BRASS,O
1,O
01-Apr,O
"""",O
SCH-80,O
(,O
AJAY,O
),O
3917,O
53,O
Upvc,O
F.T.A,O
Brass,O
1,O
01-Feb,O
"""",O
Sch-80,O
(,O
Ajay,O
),O
3917,O
54,O
CPVC,O
M.T.A,O
BRASS,O
03-Apr,O
"""",O
(,O
AJAY,O
),O
3917,O
55,O
UPVC,O
M.T.A,O
BRASS,O
1,O
01-Apr,O
"""",O
SCH-80,O
(,O
AJAY,O
),O
3917,O
56,O
CPVC,O
ELBOW,O
BRASS,O
"3/4""X",O
01-Feb,O
"""",O
(,O
AJAY,O
),O
3917,O
18,O
%,O
372,O
Nos,O
.,O
623.7,O
Nos,O
.,O
-18,O
%,O
552,O
Nos,O
746.7,O
Nos,O
.,O
18,O
%,O
70,O
Nos,O
Nos,O
.,O
18,O
%,O
347,O
Nos,O
58,O
Nos,O
.,O
18,O
%,O
42,O
Nos,O
.,O
88,O
Nos,O
.,O
18,O
%,O
62,O
Nos,O
256,O
Nos,O
.,O
18,O
%,O
85,O
Nos,O
:,O
290,O
Nos,O
.,O
18,O
%,O
20,O
Nos,O
.,O
475,O
Nos,O
.,O
18,O
%,O
246,O
Nos,O
.,O
78.9,O
Nos,O
.,O
718,O
%,O
24,O
Nos,O
.,O
42.6,O
Nos,O
.,O
18,O
%,O
8,O
Nos,O
.,O
32.2,O
Nos,O
.,O
18,O
%,O
168,O
Nos,O
.,O
91.4,O
Nos,O
.,O
18,O
%,O
56,O
Nos,O
40,O
Nos,O
.,O
718,O
%,O
20,O
Nos,O
30.4,O
Nos,O
.,O
18,O
%,O
6,O
Nos,O
19,O
Nos,O
.,O
18,O
%,O
18,O
Nos,O
.,O
24,O
Nos,O
.,O
18,O
%,O
84,O
Nos,O
.,O
132.5,O
Nos,O
.,O
18,O
%,O
42,O
Nos,O
141.9,O
Nos,O
.,O
v,O
18,O
%,O
58,O
Nos,O
65.6,O
Nos,O
.,O
18,O
%,O
14,O
Noss,O
137.4,O
Nos,O
.,O
18,O
%,O
14,O
Nos,O
76.8,O
Nos,O
.,O
18,O
%,O
28,O
Nos,O
.,O
368.3,O
Nos,O
.,O
118,O
%,O
28,O
Nos,O
655,O
Nos,O
.,O
18,O
%,O
5,O
Nos,O
258,O
Nos,O
.,O
V18,O
%,O
46,O
Nos,O
424.1,O
Nos,O
.,O
18,O
%,O
210,O
Nos,O
175.8,O
Nos,O
.,O
18,O
%,O
5,O
Nos,O
.,O
296,O
Nos,O
.,O
18,O
%,O
354,O
Nos,O
73.3,O
Nos,O
.,O
54,O
%,O
54,O
%,O
54,O
%,O
54,O
%,O
54,O
%,O
54,O
%,O
54,O
%,O
54,O
%,O
54,O
%,O
54,O
%,O
54,O
%,O
54,O
%,O
54,O
%,O
54,O
%,O
54,O
%,O
54,O
%,O
54,O
%,O
54,O
%,O
54,O
%,O
54,O
%,O
54,O
%,O
54,O
%,O
54,O
%,O
54,O
%,O
54,O
%,O
54,O
%,O
54,O
%,O
54,O
%,O
470.3,O
118.5,O
NOWY,O
continued,O
...,O
go,O
MAA,O
HE,O
WTHS,O
ING,O
Fune,O
SUBJECT,O
TO,O
PUNE,O
JURISDICTION,O
This,O
is,O
a,O
Computer,O
Generated,O
Invoice,O
