Text,Tag
GST,O
INVOICE,O
(,O
ORIGINAL,O
FOR,O
RECIPIENT,O
),O
(,O
n,O
),O
Invoice,B-INV_L
No,I-INV_L
.,I-INV_L
SM/19,B-INV_NO
-,I-INV_NO
20/001352,I-INV_NO
Delivery,O
Note,O
Dated,B-INV_DL
28-May-19,B-INV_DT
Mode,O
/,O
Terms,O
of,O
Payment,O
Other,O
Reference(s,O
),O
SHAH,B-SUPP_N
MARKETING,I-SUPP_N
(,O
MANGALWAR,O
PETH,O
),O
Shop,O
No.6,O
Llyods,O
Chamber,O
Barne,O
Road,O
409,O
Mangalwar,O
Peth,O
Pune,O
GSTIN,B-GSTL
/,I-GSTL
UIN,I-GSTL
:,O
27ADXPS3921J1ZT,B-SUPP_G
State,O
Name,O
:,O
Maharashtra,O
Code,O
:,O
27,O
Contact,O
:,O
20,O
-,O
-,O
26052747,O
E,O
-,O
Mail,O
:,O
shahmarketing4@gmail.com,O
Buyer,O
SIDDHARTH,B-BUY_N
PROPERTIES,I-BUY_N
GEETAI,O
SANKUL,O
2ND,O
FLOOR,O
PAUD,O
ROAD,O
NEAR,O
RELIANCE,O
FRESH,O
PUNE,O
.,O
GSTIN,B-GSTL
/,I-GSTL
UIN,I-GSTL
:,O
27AAZFS3607C1ZY,B-BUY_G
State,O
Name,O
:,O
Maharashtra,O
Code,O
:,O
27,O
Supplier,O
's,O
Ref,O
.,O
QUOTATION486,O
Buyer,O
's,O
Order,O
No,O
.,O
QUOTATION486,O
Despatch,O
Document,O
No,O
.,O
Dated,O
15-May-19,O
Delivery,O
Note,O
Date,O
Despatched,O
through,O
Destination,O
Terms,O
of,O
Delivery,O
Skybay,O
.,O
Sr,O
.,O
No;-60/1,O
Mouze,O
Mhalunge,O
Pune,O
Po,O
No;-13116,O
Contact,O
person,O
Contact,O
E,O
-,O
Mail,O
:,O
Mr.,O
Thube,O
/,O
Mane,O
:,O
8308824752,O
:,O
nilesh.mane@saarrthigroup.co.in,O
SI,O
Description,O
of,O
Goods,O
HSN,O
/,O
SAC,O
Quantity,O
Rate,O
GST,O
Rate,O
per,O
Disc,O
.,O
%,O
Amount,O
No,O
.,O
1,O
18,O
%,O
18,O
Nos,O
.,O
463,O
Nos,O
.,O
20,O
%,O
E,O
-,O
Z,O
WELD,O
216,O
UPVC,O
INDUSTRIAL,O
SOLVENT,O
3506,O
CEMENT,O
473,O
ML,O
CGST,O
SGST,O
266.69,O
266.69,O
0.42,O
Round,O
Off,O
SITE,O
NAME,O
:,O
Skyboy,O
RECEIVED,O
SIGN,O
:,O
DATE,O
:,O
1216119,O
P.O.:-,O
13116,O
GRN:-,O
1625912,O
CORN,O
ano,O
*,O
"3,497",B-GT_AMT
E.,O
&,O
O.E,O
Total,B-GT_AMTL
8,O
Nos,O
.,O
Amount,O
Chargeable,O
(,O
in,O
words,O
),O
Indian,O
Rupees,O
Three,O
Thousand,O
Four,O
Hundred,O
Ninety,O
Seven,O
Only,O
HSN,O
/,O
SAC,O
Taxable,O
Central,O
Tax,O
Value,O
Rate,O
Amount,O
3506,O
9,O
%,O
266.69,O
Total,O
266.69,O
State,O
Tax,O
Rate,O
Amount,O
9,O
%,O
266.69,O
266.69,O
Total,O
Tax,O
Amount,O
533.38,O
533.38,O
Tax,O
Amount,O
(,O
in,O
words,O
),O
:,O
Indian,O
Rupees,O
Five,O
Hundred,O
Thirty,O
Three,O
and,O
Thirty,O
Eight,O
paise,O
Only,O
IRKA,O
Company,O
's,O
Bank,O
Details,O
Company,O
's,O
PAN,O
:,O
ADXPS3921J,O
Bank,O
Name,O
:,O
KOTAK,O
MAHINDRA,O
BANK,O
Declaration,O
Alc,O
No,O
.,O
:,O
5711312022,O
I,O
/,O
We,O
hereby,O
certify,O
that,O
my,O
/,O
our,O
registration,O
certificate,O
under,O
the,O
Branch,O
&,O
IFS,O
Code,O
:,O
Khadki,O
&,O
KKBK0000727,O
GST,O
Act-2017,O
is,O
in,O
force,O
on,O
the,O
date,O
on,O
which,O
the,O
sale,O
of,O
the,O
for,O
SHAH,O
MARKETING,O
(,O
MANGALWAR,O
PETH,O
),O
goods,O
specified,O
in,O
this,O
Tax,O
Invoice,O
is,O
made,O
by,O
me,O
/,O
us,O
and,O
that,O
the,O
transactions,O
of,O
sales,O
covered,O
by,O
this,O
Tax,O
Invoice,O
has,O
been,O
effected,O
by,O
sale,O
has,O
been,O
paid,O
or,O
shall,O
be,O
paid,O
.,O
Authorised,O
Signatory,O
SUBJECT,O
TO,O
PUNE,O
JURISDICTION,O
Pune,O
This,O
is,O
a,O
Computer,O
Generated,O
Invoice,O
4,O
