Text,Tag
ok,O
GST,O
INVOICE,O
(,O
ORIGINAL,O
FOR,O
RECIPIENT,O
),O
(,O
1,O
),O
Invoice,B-INV_L
No,I-INV_L
.,I-INV_L
SM/19,B-INV_NO
-,I-INV_NO
20/001370,I-INV_NO
Delivery,O
Note,O
Dated,B-INV_DL
28-May-19,B-INV_DT
Mode,O
/,O
Terms,O
of,O
Payment,O
Supplier,O
's,O
Ref,O
.,O
Other,O
Reference(s,O
),O
SHAH,B-SUPP_N
MARKETING,I-SUPP_N
(,O
MANGALWAR,O
PETH,O
),O
Shop,O
No.6,O
Llyods,O
Chamber,O
Barne,O
Road,O
409,O
Mangalwar,O
Peth,O
Pune,O
GSTIN,B-GSTL
/,I-GSTL
UIN,I-GSTL
:,O
27ADXPS3921J1ZT,B-SUPP_G
State,O
Name,O
:,O
Maharashtra,O
Code,O
:,O
27,O
Contact,O
:,O
20,O
-,O
-,O
26052747,O
E,O
-,O
Mail,O
:,O
shahmarketing4@gmail.com,O
Buyer,O
SIDDHARTH,B-BUY_N
REAL,I-BUY_N
VENTURES,I-BUY_N
LLP,I-BUY_N
GEETAI,O
SANKUL,O
2ND,O
FLOOR,O
PAUD,O
ROAD,O
NEAR,O
RELIANCE,O
FRESH,O
PUNE,O
.,O
GSTIN,B-GSTL
/,I-GSTL
UIN,I-GSTL
:,O
27ACMFS9508B1ZX,B-BUY_G
State,O
Name,O
:,O
Maharashtra,O
Code,O
:,O
27,O
Buyer,O
's,O
Order,O
No,O
.,O
Dated,O
Despatch,O
Document,O
No,O
.,O
Delivery,O
Note,O
Date,O
Despatched,O
through,O
Destination,O
SACH,O
CHO,O
DEL,O
AT,O
KOTHRUD,O
Terms,O
of,O
Delivery,O
SR,O
NO,O
119/2,O
+,O
3,O
NAVNAMRATA,O
SOCIETY,O
PAUD,O
RD,O
KOTHRUD,O
PUNE,O
9975258821,O
-,O
9552541121,O
PO-,O
672,O
Contact,O
person,O
Contact,O
E,O
-,O
Mail,O
:,O
NILESH,O
MANE,O
:,O
20,O
-,O
25633361/32/25635253,O
.,O
:,O
vijay.t@saarrthigroup.com,O
Description,O
of,O
Goods,O
HSN,O
/,O
SAC,O
Quantity,O
Rate,O
SI,O
No,O
.,O
Amount,O
GST,O
Rate,O
per,O
Disc,O
.,O
%,O
1,O
RCC,O
(,O
SPG,O
),O
PIPE,O
8,O
"""",O
X,O
2,O
MTR,O
2,O
S.N.RCC,O
GRATING,O
W,O
/,O
F,O
"24""X24",O
"""",O
F.S.H.D.,O
SACH,O
CHO,O
6810,O
6810,O
18,O
%,O
20,O
Nos,O
.,O
18,O
%,O
2,O
set,O
440,O
Nos,O
.,O
er,O
set,O
1067,O
Gst,O
Transport,O
CGST,O
(,O
0.28,O
7,O
SGST,O
Round,O
Off,O
SITE,O
NAME:-,O
Sere,O
RECEIVED,O
SIGN,O
:,O
DATE:-,O
1116,O
lig,O
Serenity,O
home,O
P.O.:-,O
692,O
163564,O
Budget,O
Total,B-GT_AMTL
"16,369",B-GT_AMT
Amount,O
Chargeable,O
(,O
in,O
words,O
),O
E,O
&,O
O.,O
E,O
Indian,O
Rupees,O
Sixteen,O
Thousand,O
Three,O
Hundred,O
Sixty,O
Nine,O
Only,O
HSN,O
/,O
SAC,O
Taxable,O
Central,O
Tax,O
State,O
Tax,O
Total,O
Value,O
Rate,O
Amount,O
Rate,O
Amount,O
Tax,O
Amount,O
6810,O
Tax,O
Amount,O
(,O
in,O
words,O
),O
:,O
Indian,O
Rupees,O
Two,O
Thousand,O
Four,O
Hundred,O
Ninety,O
Six,O
and,O
Ninety,O
Two,O
paise,O
Only,O
TING,O
Company,O
's,O
Bank,O
Details,O
Company,O
's,O
PAN,O
:,O
ADXPS3921J,O
Bank,O
Name,O
:,O
KOTAK,O
MAHINDRA,O
BANK,O
Declaration,O
A,O
/,O
c,O
No,O
.,O
:,O
5711312022,O
I/,O
We,O
hereby,O
certify,O
that,O
my,O
/,O
our,O
registration,O
certificate,O
under,O
the,O
Branch,O
&,O
IFS,O
Code,O
:,O
Khadki,O
&,O
KKBK0000727,O
GST,O
Act-2017,O
is,O
in,O
force,O
on,O
the,O
date,O
on,O
which,O
the,O
sale,O
of,O
the,O
for,O
SHAH,O
MARKETING,O
(,O
MANGALWAR,O
PETH,O
),O
goods,O
specified,O
in,O
this,O
Tax,O
Invoice,O
is,O
made,O
by,O
me,O
/,O
us,O
and,O
that,O
the,O
transactions,O
of,O
sales,O
covered,O
by,O
this,O
Tax,O
Invoice,O
has,O
been,O
effected,O
by,O
sale,O
has,O
been,O
paid,O
or,O
shall,O
be,O
paid,O
.,O
Authorised,O
Signatory,O
SUBJECT,O
TO,O
PUNE,O
JURISDICTION,O
WHS,O
This,O
is,O
a,O
Computer,O
Generated,O
Invoice,O
