text,tag
GST,O
INVOICE,O
CK,O
Invoice,B-INV_L
No,I-INV_L
.,I-INV_L
SM/19,B-INV_NO
-,I-INV_NO
20/00141,I-INV_NO
Delivery,O
Note,O
Dated,B-INV_DL
08-Apr-19,B-INV_DT
Mode,O
/,O
Terms,O
of,O
Payment,O
Supplier,O
's,O
Ref,O
.,O
Other,O
Reference(s,O
),O
SHAH,B-SUPP_N
MARKETING,I-SUPP_N
(,O
MANGALWAR,O
PETH,O
),O
Shop,O
TVO.C,O
Llyods,O
Chamber,O
Barne,O
Road,O
409,O
Mangalwar,O
Peth,O
Pune,O
GSTIN,B-GSTL
/,I-GSTL
UIN,I-GSTL
:,O
27ADXPS3921J1ZT,B-SUPP_G
State,O
Name,O
:,O
Maharashtra,O
Code,O
:,O
27,O
Contact,O
:,O
20,O
-,O
-,O
26052747,O
E,O
-,O
Mail,O
:,O
shahmarketing4@gmail.com,O
Buyer,O
SIDDHARTH,B-BUY_N
PROPERTIES,I-BUY_N
GEETAI,O
FLOOR,O
PAUD,O
ROAD,O
NEAR,O
RELIANCE,O
FRESH,O
PUNE,O
.,O
GSTIN,B-GSTL
/,I-GSTL
UIN,I-GSTL
:,O
27AAZFS3607C1ZY,B-BUY_G
State,O
Name,O
:,O
Maharashtra,O
Code,O
:,O
27,O
Buyer,O
's,O
Order,O
No,O
.,O
Dated,O
Despatch,O
Document,O
No,O
.,O
Delivery,O
Note,O
Date,O
Despatched,O
through,O
Destination,O
BY,O
HAND,O
NARESH,O
WANKHEDEKAR,O
8805010620,O
Terms,O
of,O
Delivery,O
Contact,O
person,O
Contact,O
E,O
-,O
Mail,O
:,O
Mr.,O
Thube,O
/,O
Mane,O
:,O
8308824752,O
:,O
nilesh.mane@saarrthigroup.co.in,O
SI,O
Description,O
of,O
Goods,O
HSN,O
/,O
SAC,O
Quantity,O
Rate,O
GST,O
Rate,O
per,O
Disc,O
.,O
%,O
Amount,O
No,O
.,O
1,O
G.I.,O
CLIP,O
03-Apr,O
"""",O
2,O
G,O
...,O
CLIP,O
2,O
01-Feb,O
"""",O
7307,O
7307,O
18,O
%,O
20,O
Nos,O
.,O
18,O
%,O
10,O
Nos,O
.,O
1.25,O
Nos,O
.,O
4,O
Nos,O
25,O
40,O
65,O
SGST,O
CGST,O
5.85,O
70.85,O
5.85,O
76.7,O
0.3,O
Round,O
Off,O
SITE,O
MAMES,O
5.BIZ,O
CETVED,O
SIGN,O
:,O
DATE,O
:,O
1714119,O
gh,O
Total,B-GT_AMTL
30,O
Nos,O
.,O
77,B-GT_AMT
E.,O
&,O
O.E,O
Amount,O
Chargeable,O
(,O
in,O
words,O
),O
Indian,O
Rupees,O
Seventy,O
Seven,O
Only,O
HSN,O
/,O
SAC,O
7307,O
Taxable,O
Value,O
65,O
65,O
Central,O
Tax,O
Rate,O
Amount,O
9,O
%,O
5.85,O
5.85,O
State,O
Tax,O
Total,O
Rate,O
Amount,O
Tax,O
Amount,O
9,O
%,O
5.85,O
11.7,O
5.85,O
11.7,O
Total,O
Tax,O
Amount,O
(,O
in,O
words,O
),O
:,O
Indian,O
Rupees,O
Eleven,O
and,O
Seventy,O
paise,O
Only,O
Company,O
's,O
Bank,O
Details,O
Company,O
's,O
PAN,O
:,O
ADXPS3921J,O
Bank,O
Name,O
:,O
KOTAK,O
MAHINDRA,O
BANK,O
Declaration,O
A,O
/,O
C,O
No,O
.,O
:,O
5711312022,O
I/,O
We,O
hereby,O
certify,O
that,O
my,O
/,O
our,O
registration,O
certificate,O
under,O
the,O
Branch,O
&,O
IFS,O
Code,O
:,O
Khadki,O
&,O
KKBK0000727,O
GST,O
Act-2017,O
is,O
in,O
force,O
on,O
the,O
date,O
on,O
which,O
the,O
sale,O
of,O
the,O
for,O
SHAH,O
MARKETING,O
(,O
MANGALWAR,O
PETH,O
),O
goods,O
specified,O
in,O
this,O
Tax,O
Invoice,O
is,O
made,O
by,O
me,O
/,O
us,O
and,O
that,O
the,O
transactions,O
of,O
sales,O
covered,O
by,O
this,O
Tax,O
Invoice,O
has,O
been,O
effected,O
by,O
sale,O
has,O
been,O
paid,O
or,O
shall,O
be,O
paid,O
.,O
Authorised,O
Signatory,O
SUBJECT,O
TO,O
PUNE,O
JURISDICTION,O
Fune,O
This,O
is,O
a,O
Computer,O
Generated,O
Invoice,O
KET,O
ANG,O
4,O
