Text,Tag
SALWARBETEN,O
GST,O
INVOICE,O
(,O
ORIGINAL,O
FOR,O
RECIPIENT,O
),O
Invoice,B-INV_L
No,I-INV_L
.,I-INV_L
SM/19,B-INV_NO
-,I-INV_NO
20/001937,I-INV_NO
Delivery,O
Note,O
Dated,B-INV_DL
18-Jun-19,B-INV_DT
Mode,O
/,O
Terms,O
of,O
Payment,O
Other,O
Reference(s,O
),O
SHAH,B-SUPP_N
MARKETING,I-SUPP_N
(,O
MANGALWAR,O
PETH,O
),O
Shop,O
No.6,O
Llyods,O
Chamber,O
Barne,O
Road,O
409,O
Mangalwar,O
Peth,O
Pune,O
GSTIN,B-GSTL
/,I-GSTL
UIN,I-GSTL
:,O
27ADXPS3921J1ZT,B-SUPP_G
State,O
Name,O
:,O
Maharashtra,O
Code,O
:,O
27,O
Contact,O
:,O
20,O
-,O
-,O
26052747,O
E,O
-,O
Mail,O
:,O
shahmarketing4@gmail.com,O
Buyer,O
SIDDHARTH,B-BUY_N
PROPERTIES,I-BUY_N
GEETAI,O
SANKUL,O
2ND,O
FLOOR,O
PAUD,O
ROAD,O
NEAR,O
RELIANCE,O
FRESH,O
PUNE,O
.,O
GSTIN,B-GSTL
/,I-GSTL
UIN,I-GSTL
:,O
27AAZFS3607C1ZY,B-BUY_G
State,O
Name,O
:,O
Maharashtra,O
Code,O
:,O
27,O
Supplier,O
's,O
Ref,O
.,O
QUOTATION925,O
Buyer,O
's,O
Order,O
No,O
.,O
QUOTATION925,O
Despatch,O
Document,O
No,O
.,O
Dated,O
18-Jun-19,O
Delivery,O
Note,O
Date,O
Despatched,O
through,O
Destination,O
Terms,O
of,O
Delivery,O
SIGNOR,O
HOMES,O
OPP,O
ORRITEL,O
HOTEI,O
HINJEWADI,O
PUNE,O
.,O
9763717493.Po,O
No:-13241,O
Contact,O
person,O
Contact,O
E,O
-,O
Mail,O
:,O
Mr.,O
Thube,O
/,O
Mane,O
:,O
8308824752,O
:,O
nilesh.mane@saarrthigroup.co.in,O
SI,O
No,O
.,O
Description,O
of,O
Goods,O
HSN,O
/,O
SAC,O
Quantity,O
Rate,O
GST,O
Rate,O
per,O
Disc,O
.,O
%,O
Amount,O
1,O
UPVC,O
SOCKET,O
2,O
01-Feb,O
"""",O
Sch-80,O
(,O
AJAY,O
),O
3917,O
2,O
Upvc,O
Bushing-2,O
01-Feb,O
"""",O
x,O
2,O
"""",O
Sch80,O
(,O
Ajay,O
),O
3917,O
UPVC,O
SOCKET,O
2,O
01-Feb,O
"""",O
Sch-80,O
(,O
AJAY,O
),O
3917,O
4,O
UPVC,O
SOCKET,O
2,O
"""",O
Sch-80,O
(,O
AJAY,O
),O
3917,O
5,O
Upvc,O
Sch-80,O
Pipe,O
2,O
"1/2""x3mtr",O
(,O
Ajay,O
),O
3917,O
6,O
Upvc,O
Sch-80,O
Pipe,O
"2""x",O
3mtr,O
(,O
Ajay,O
),O
3917,O
7,O
UPVC,O
ELBOW,O
2,O
01-Feb,O
"""",O
90-DEG,O
Sch-80,O
(,O
AJAY,O
),O
3917,O
8,O
UPVC,O
ELBOW,O
2,O
"""",O
90,O
DEG,O
SCH-80,O
(,O
AJAY,O
),O
3917,O
9,O
Upvc,O
Fusion,O
Compound,O
Industrial,O
946ml,O
(,O
Ajay,O
),O
3506,O
18,O
%,O
10,O
Nos,O
139.4,O
Nos,O
.,O
18,O
%,O
10,O
Nos,O
78,O
Nos,O
.,O
18,O
%,O
100,O
Nos,O
.,O
139.4,O
Nos,O
.,O
18,O
%,O
30,O
Nos,O
.,O
58.4,O
.,O
Nos,O
.,O
18,O
%,O
80,O
Nos,O
Nos,O
.,O
18,O
%,O
30,O
Nos,O
Nos,O
.,O
18,O
%,O
30,O
Nos,O
.,O
225.9,O
Nos,O
.,O
18,O
%,O
15,O
Nos,O
.,O
96.1,O
Nos,O
.,O
18,O
%,O
10,O
TIN,O
926,O
TIN,O
54,O
%,O
54,O
%,O
54,O
%,O
54,O
%,O
54,O
%,O
54,O
%,O
54,O
%,O
54,O
%,O
20,O
%,O
641.24,O
358.8,O
Gst,O
Transport,O
CGST,O
SITE,O
NAME,O
:,O
Sesignos,O
(,O
Savvy,O
Homes,O
RECEIVED,O
(,O
-10.17,O
SGST,O
Round,O
Off,O
DATE,O
:,O
Less,O
"1,13,303",B-GT_AMT
E.,O
&,O
0,O
.,O
E,O
Total,B-GT_AMTL
Amount,O
Chargeable,O
(,O
in,O
words,O
),O
Indian,O
Rupees,O
One,O
Lakh,O
Thirteen,O
Thousand,O
Three,O
Hundred,O
Three,O
Only,O
HSN,O
/,O
SAC,O
Taxable,O
Central,O
Tax,O
Value,O
Rate,O
Amount,O
3917,O
9,O
%,O
676.58,O
Total,O
State,O
Tax,O
Rate,O
Amount,O
9,O
%,O
9,O
%,O
676.58,O
Totai,O
Tax,O
Amount,O
Tax,O
Amount,O
(,O
in,O
words,O
),O
:,O
Indian,O
Rupees,O
Seventeen,O
Thousand,O
Two,O
Hundred,O
Eighty,O
Three,O
and,O
Fifty,O
Four,O
paise,O
Only,O
Company,O
's,O
Bank,O
Details,O
Company,O
's,O
PAN,O
:,O
ADXPS3921J,O
Bank,O
Name,O
:,O
KOTAK,O
MAHINDRA,O
BANK,O
Declaration,O
A,O
/,O
C,O
No,O
.,O
5711312022,O
I,O
/,O
We,O
hereby,O
certify,O
that,O
my,O
/,O
our,O
registration,O
certificate,O
under,O
the,O
Branch,O
&,O
IFS,O
Code,O
:,O
Khadki,O
&,O
KKBK0000727,O
GST,O
Act-2017,O
is,O
in,O
force,O
on,O
the,O
date,O
on,O
which,O
the,O
sale,O
of,O
the,O
for,O
SHAH,O
MARKETING,O
(,O
MANGALWAR,O
PETH,O
),O
goods,O
specified,O
in,O
this,O
Tax,O
Invoice,O
is,O
made,O
by,O
melus,O
and,O
that,O
the,O
transactions,O
of,O
sales,O
covered,O
by,O
this,O
Tax,O
Invoice,O
has,O
been,O
effected,O
by,O
sale,O
has,O
been,O
paid,O
or,O
shall,O
be,O
paid,O
.,O
Authorised,O
Signatory,O
SUBJECT,O
TO,O
PUNE,O
JURISDICTION,O
3,O
This,O
is,O
a,O
Computer,O
Generated,O
Invoice,O
Pune,O
