Text,Tag
GST,O
INVOICE,O
(,O
ORIGINAL,O
FOR,O
RECIPIENT,O
),O
Invoice,B-INV_L
No,I-INV_L
.,I-INV_L
Dated,B-INV_DL
SM/19,B-INV_NO
-,I-INV_NO
20/002214,I-INV_NO
29-Jun-19,B-INV_DT
Delivery,O
Note,O
Mode,O
/,O
Terms,O
of,O
Payment,O
SHAH,B-SUPP_N
MARKETING,I-SUPP_N
(,O
MANGALWAR,O
PETH,O
),O
Shop,O
No.6,O
Llyods,O
Chamber,O
Barne,O
Road,O
409,O
Mangalwar,O
Peth,O
Pune,O
GSTIN,B-GSTL
/,I-GSTL
UIN,I-GSTL
:,O
27ADXPS3921J1ZT,B-SUPP_G
State,O
Name,O
:,O
Maharashtra,O
Code,O
:,O
27,O
Contact,O
:,O
20,O
-,O
-,O
26052747,O
E,O
-,O
Mail,O
:,O
shahmarketing4@gmail.com,O
Buyer,O
SIDDHARTH,B-BUY_N
PROPERTIES,I-BUY_N
GEETAI,O
SANKUL,O
2ND,O
FLOOR,O
PAUD,O
ROAD,O
NEAR,O
RELIANCE,O
FRESH,O
PUNE,O
.,O
GSTIN,B-GSTL
/,I-GSTL
UIN,I-GSTL
:,O
27AAZFS3607C1ZY,B-BUY_G
State,O
Name,O
:,O
Maharashtra,O
Code,O
:,O
27,O
Supplier,O
's,O
Ref,O
.,O
Other,O
Reference(s,O
),O
QUOTATION1019,O
Buyer,O
's,O
Order,O
No,O
.,O
Dated,O
Despatch,O
Document,O
No,O
.,O
Delivery,O
Note,O
Date,O
ng,O
),O
Despatched,O
through,O
Destination,O
Contact,O
person,O
:,O
Mr.,O
Thube,O
/,O
Mane,O
Contact,O
:,O
8308824752,O
E,O
-,O
Mail,O
:,O
nilesh.mane@saarrthigroup.co.in,O
Terms,O
of,O
Delivery,O
SIGNOR,O
SIGNOR,O
HOMES,O
OPP,O
ORRITEL,O
HOTEL,O
HUNJEWADI,O
.,O
PO=13265.(9763717493-JITENDRA,O
),O
Rate,O
per,O
Disc,O
.,O
%,O
Amount,O
SI,O
1,O
Description,O
of,O
Goods,O
HSN,O
/,O
SAC,O
GST,O
Quantity,O
Rate,O
Upvc,O
Union,O
-,O
2,O
"1/2""-",O
Sch80,O
(,O
Ajay,O
),O
3917,O
UPVC,O
BRASS,O
MTA,O
2,O
01-Feb,O
"""",O
3917,O
18,O
%,O
1,O
Nos,O
.,O
Nos,O
.,O
54,O
%,O
18,O
%,O
3,O
Nos,O
.,O
Nos,O
.,O
54,O
%,O
Gst,O
Transport,O
729.84,O
300,O
360.08,O
360.08,O
SGST,O
CGST,O
Round,O
Off,O
RECEIVED,O
SIGN,O
:,O
E,O
-,O
M919,O
13265,O
Savvy,O
Home,O
duo,O
Total,B-GT_AMTL
4,O
Nos,O
.,O
*,O
"4,721",B-GT_AMT
count,O
Chargeable,O
(,O
in,O
words,O
),O
E.,O
&,O
O.E,O
Indian,O
Rupees,O
Four,O
Thousand,O
Seven,O
Hundred,O
Twenty,O
One,O
Only,O
HSN,O
/,O
SAC,O
Taxable,O
Central,O
Tax,O
State,O
Tax,O
Total,O
Value,O
Rate,O
Amount,O
Rate,O
Amount,O
Tax,O
Amount,O
3917,O
9,O
%,O
360.08,O
9,O
%,O
360.08,O
720.16,O
Total,O
360.08,O
360.08,O
720.16,O
Tax,O
Amount,O
(,O
in,O
words,O
),O
:,O
Indian,O
Rupees,O
Seven,O
Hundred,O
Twenty,O
and,O
Sixteen,O
paise,O
Only,O
Company,O
's,O
Bank,O
Details,O
Company,O
's,O
PAN,O
:,O
ADXPS3921J,O
Bank,O
Name,O
:,O
KOTAK,O
MAHINDRA,O
BANK,O
Declaration,O
A,O
/,O
c,O
No,O
.,O
:,O
571131,O
2022,O
I/,O
We,O
hereby,O
certify,O
that,O
my,O
/,O
our,O
registration,O
Branch,O
&,O
IFS,O
Code,O
:,O
Khadki,O
&,O
KKBKO000727,O
certificate,O
under,O
the,O
GST,O
Act-2017,O
is,O
in,O
for,O
SHAH,O
MARKETING,O
(,O
MANGALWAR,O
PETH,O
),O
force,O
on,O
the,O
date,O
on,O
which,O
the,O
sale,O
of,O
the,O
goods,O
specified,O
in,O
this,O
Tax,O
Invoice,O
is,O
made,O
by,O
melus,O
and,O
that,O
the,O
transactions,O
of,O
sales,O
covered,O
by,O
this,O
Tax,O
Invoice,O
has,O
been,O
effected,O
by,O
sal,O
e,O
has,O
been,O
paid,O
or,O
shall,O
be,O
paid,O
.,O
Authorised,O
Signatory,O
SUBJECT,O
TO,O
PUNE,O
JURISDICTION,O
KARAM,O
This,O
is,O
a,O
Computer,O
Generated,O
Invoice,O
Reed,O
11712019,O
.,O
5.46pm,O
.,O
