Text,Tag
GST,O
INVOICE,O
C,O
),O
(,O
ORIGINAL,O
FOR,O
RECIPIENT,O
),O
Invoice,B-INV_L
No,I-INV_L
.,I-INV_L
SM/19,B-INV_NO
-,I-INV_NO
20/003027,I-INV_NO
Delivery,O
Note,O
Dated,B-INV_DL
31-Jul-19,B-INV_DT
Mode,O
/,O
Terms,O
of,O
Payment,O
Other,O
Reference(s,O
),O
SHAH,B-SUPP_N
MARKETING,I-SUPP_N
(,O
MANGALWAR,O
PETH,O
),O
Shop,O
No.6,O
Llyods,O
Chamber,O
Barne,O
Road,O
409,O
Mangalwar,O
Peth,O
Pune,O
GSTIN,B-GSTL
/,I-GSTL
UIN,I-GSTL
:,O
27ADXPS3921J1ZT,B-SUPP_G
State,O
Name,O
:,O
Maharashtra,O
Code,O
:,O
27,O
Contact,O
:,O
20,O
-,O
-,O
26052747,O
E,O
-,O
Mail,O
:,O
shahmarketing4@gmail.com,O
Buyer,O
SIDDHARTH,B-BUY_N
PROPERTIES,I-BUY_N
GEETAI,O
SANKUL,O
2ND,O
FLOOR,O
PAUD,O
ROAD,O
NEAR,O
RELIANCE,O
FRESH,O
PUNE,O
.,O
GSTIN,B-GSTL
/,I-GSTL
UIN,I-GSTL
:,O
27AAZFS3607C1ZY,B-BUY_G
State,O
Name,O
:,O
Maharashtra,O
Code,O
:,O
27,O
Supplier,O
's,O
Ref,O
.,O
QUOTATION1274,O
Buyer,O
's,O
Order,O
No,O
.,O
QUOTATION1274,O
Despatch,O
Document,O
No,O
.,O
Dated,O
18-Jul-19,O
Delivery,O
Note,O
Date,O
Despatched,O
through,O
Destination,O
Terms,O
of,O
Delivery,O
MADHUWANTI.NEXT,O
TO,O
MRUTUNJAYA,O
MANDIR,O
NEAR,O
KARVE,O
STATUE,O
KOTHRUD,O
PUNE,O
No:-13362,O
),O
Contact,O
person,O
Contact,O
E,O
-,O
Mail,O
:,O
Mr.,O
Thube,O
/,O
Mane,O
:,O
8308824752,O
:,O
nilesh.mane@saarrthigroup.co.in,O
Description,O
of,O
Goods,O
HSN,O
/,O
SAC,O
SI,O
No,O
.,O
Rate,O
Quantity,O
GST,O
Rate,O
Amount,O
per,O
Disc,O
.,O
%,O
3917,O
3917,O
3917,O
3917,O
3917,O
3917,O
3917,O
18,O
%,O
70,O
Nos,O
18,O
%,O
150,O
Nos,O
18,O
%,O
40,O
Nos,O
18,O
%,O
250,O
Nos,O
18,O
%,O
35,O
Nos,O
.,O
18,O
%,O
65,O
Nos,O
.,O
18,O
%,O
125,O
Nos,O
.,O
159,O
Nos,O
.,O
136,O
Aos,O
.,O
25,O
Nos,O
.,O
15.6,O
Nos,O
.,O
232,O
Nos,O
.,O
517,O
Nos,O
.,O
168,O
Nos,O
.,O
1,O
AJAY,O
PVC,O
PLAIN,O
S,O
/,O
Y,O
75MM,O
2,O
AJAY,O
PVC,O
PLAIN,O
TEE,O
75MM,O
3,O
AJAY,O
PVC,O
ENDCAP,O
40MM,O
4,O
CPVC,O
ELBOW,O
01-Feb,O
"""",O
90DEG,O
(,O
AJAY,O
),O
AJAY,O
PVC,O
PIPE,O
40MMX10FT,O
6,O
AJAY,O
PVC,O
MULTIFLOR,O
TRAP,O
7,O
"""",O
7,O
AJAY,O
PVC,O
PLAIN,O
BEND,O
110MM,O
S,O
/,O
E,O
8,O
AJAY,O
PVC,O
SHOE,O
45DEG,O
110MM,O
S,O
/,O
E,O
9,O
AJAY,O
PVC,O
PLAIN,O
BEND,O
75,O
MM,O
S,O
/,O
F,O
10,O
AJAY,O
PVC,O
PLAIN,O
S,O
/,O
Y,O
110MM,O
S,O
/,O
E,O
54,O
%,O
54,O
%,O
54,O
%,O
54,O
%,O
54,O
%,O
54,O
%,O
54,O
%,O
3917,O
18,O
%,O
100,O
Nos,O
.,O
159,O
Nos,O
.,O
54,O
%,O
54,O
%,O
3917,O
18,O
%,O
75,O
Nos,O
.,O
107,O
Nos,O
.,O
3917,O
18,O
%,O
75,O
Nos,O
.,O
282,O
Nos,O
.,O
54,O
of,O
Gst,O
Transport,O
CGST,O
800,O
(,O
-)0.04,O
SGST,O
Less,O
:,O
Round,O
Off,O
Total,B-GT_AMTL
985,O
Nos,O
.,O
*,O
"79,232",B-GT_AMT
Amount,O
Chargeable,O
(,O
in,O
words,O
),O
E.,O
&,O
O.E,O
Indian,O
Rupees,O
Seventy,O
Nine,O
Thousand,O
Two,O
Hundred,O
Thirty,O
Two,O
Only,O
HSN,O
/,O
SAC,O
Taxable,O
Central,O
Tax,O
State,O
Tax,O
Total,O
Value,O
Rate,O
Amount,O
Rate,O
Amount,O
Tax,O
Amount,O
3917,O
9,O
%,O
9,O
%,O
Total,O
Tax,O
Amount,O
(,O
in,O
words,O
),O
:,O
Indian,O
Rupees,O
Twelve,O
Thousand,O
Eighty,O
Six,O
and,O
Twenty,O
Four,O
paise,O
Only,O
Company,O
's,O
Bank,O
Details,O
Company,O
's,O
PAN,O
:,O
ADXPS3921J,O
Bank,O
Name,O
:,O
KOTAK,O
MAHINDRA,O
BANK,O
Declaration,O
Alc,O
No,O
.,O
:,O
5711312022,O
I/,O
We,O
hereby,O
certify,O
that,O
my,O
/,O
our,O
registration,O
certificate,O
under,O
the,O
Branch,O
&,O
IFS,O
Code,O
:,O
Khadki,O
&,O
KKBK0000727,O
GST,O
Act-2017,O
is,O
in,O
force,O
on,O
the,O
date,O
on,O
which,O
the,O
sale,O
of,O
the,O
for,O
SHAH,O
MARKETING,O
(,O
MANGALWAR,O
PETH,O
),O
goods,O
specified,O
in,O
this,O
Tax,O
Invoice,O
is,O
made,O
by,O
melus,O
and,O
that,O
the,O
transactions,O
of,O
sales,O
covered,O
by,O
this,O
Tax,O
Invoice,O
has,O
been,O
effected,O
by,O
sale,O
has,O
been,O
paid,O
or,O
shall,O
be,O
paid,O
.,O
Authorised,O
Signatory,O
),O
SUBJECT,O
TO,O
PUNE,O
JURISDICTION,O
WAR,O
PETER,O
be,O
2,O
Pune,O
This,O
is,O
a,O
Computer,O
Generated,O
Invoice,O
