Text,Tag
GST,O
INVOICE,O
ok,O
се,O
),O
(,O
ORIGINAL,O
FOR,O
RECIPIENT,O
),O
Invoice,B-INV_L
No,I-INV_L
.,I-INV_L
SM/19,B-INV_NO
-,I-INV_NO
20/003226,I-INV_NO
Delivery,O
Note,O
e,O
-,O
Way,O
Bill,O
No,O
.,O
Dated,B-INV_DL
2.61129E+11,O
09-Aug-19,B-INV_DT
Mode,O
/,O
Terms,O
of,O
Payment,O
Other,O
Reference(s,O
),O
SHAH,B-SUPP_N
MARKETING,I-SUPP_N
(,O
MANGALWAR,O
PETH,O
),O
Shop,O
No.6,O
Llyods,O
Chamber,O
Barne,O
Road,O
409,O
Mangalwar,O
Peth,O
Pune,O
GSTIN,B-GSTL
/,I-GSTL
UIN,I-GSTL
:,O
27ADXPS3921J1ZT,B-SUPP_G
State,O
Name,O
:,O
Maharashtra,O
Code,O
:,O
27,O
Contact,O
:,O
20,O
-,O
-,O
26052747,O
E,O
-,O
Mail,O
:,O
shahmarketing4@gmail.com,O
Buyer,O
SIDDHARTH,B-BUY_N
PROPERTIES,I-BUY_N
GEETAI,O
FLOOR,O
PAUD,O
ROAD,O
NEAR,O
RELIANCE,O
FRESH,O
PUNE,O
.,O
GSTIN,B-GSTL
/,I-GSTL
UIN,I-GSTL
:,O
27AAZFS3607C1ZY,B-BUY_G
State,O
Name,O
:,O
Maharashtra,O
Code,O
:,O
27,O
Supplier,O
's,O
Ref,O
.,O
QUOTATION1166,O
Buyer,O
's,O
Order,O
No,O
.,O
QUOTATION1166,O
Despatch,O
Document,O
No,O
.,O
Dated,O
09-Jul-19,O
Delivery,O
Note,O
Date,O
Despatched,O
through,O
Destination,O
Terms,O
of,O
Delivery,O
SKYBAY,O
SR,O
No;-60/1,O
Mouze,O
Mhalunge,O
Pune,O
Po,O
No;-13300,O
Contact,O
person,O
Contact,O
E,O
-,O
Mail,O
:,O
Mr.,O
Thube,O
/,O
Mane,O
:,O
8308824752,O
:,O
nilesh.mane@saarrthigroup.co.in,O
Description,O
of,O
Goods,O
HSN,O
/,O
SAC,O
Quantity,O
Rate,O
GST,O
Rate,O
per,O
Disc,O
.,O
%,O
Amount,O
SI,O
No,O
.,O
1,O
AJAY,O
PVC,O
PLAIN,O
S,O
/,O
Y,O
110MM,O
3917,O
2,O
AJAY,O
PVC,O
PLUG,O
BEND,O
75MM,O
3917,O
3,O
AJAY,O
PVC,O
PLUG,O
BEND,O
110MM,O
3917,O
4,O
.,O
AJAY,O
PVC,O
PLUG,O
TEE,O
75MM,O
3917,O
IJAY,O
PVC,O
PLUG,O
TEE,O
110MM,O
3917,O
6,O
AJAY,O
PVC,O
VENT,O
COWEL,O
75MM,O
3917,O
7,O
AJAY,O
PVC,O
VENT,O
COWEL,O
110MM,O
3917,O
8,O
AJAY,O
PVC,O
PIPE,O
B,O
-,O
TYPE,O
110MMX4FT,O
DIS,O
3917,O
9,O
AJAY,O
PVC,O
TEE,O
50MM,O
3917,O
10,O
AJAY,O
PVC,O
REDUCER,O
SOCKET,O
160MM,O
X,O
110MM,O
3917,O
11,O
AJAY,O
PVC,O
SHOE,O
45DEG,O
110MM,O
3917,O
12,O
AJAY,O
PVC,O
SHOE,O
45DEG,O
75MM,O
3917,O
13,O
AJAY,O
PVC,O
REDUCING,O
TEE,O
110MMX75MM,O
3917,O
14,O
AJAY,O
PVC,O
ELBOW,O
50MM,O
3917,O
15,O
AJAY,O
PVC,O
REDUCING,O
S,O
/,O
Y,O
110MMX75MM,O
3917,O
16,O
AJAY,O
PVC,O
REDUCER,O
TEE,O
160MM,O
X,O
110MM,O
3917,O
17,O
AJAY,O
PVC,O
REDUCING,O
PLUG,O
TEE,O
110MMX75MM,O
3917,O
18,O
AJAY,O
PVC,O
REDUCER,O
PLUG,O
TEE,O
160MM,O
X,O
110MM,O
3917,O
18,O
%,O
9,O
Nos,O
18,O
%,O
405,O
Nos,O
.,O
18,O
%,O
45,O
Nos,O
.,O
18,O
%,O
14,O
Nos,O
18,O
%,O
73,O
Noşa,O
18,O
%,O
5,O
Nos,O
18,O
%,O
17,O
Nos,O
18,O
%,O
75,O
Nos,O
.,O
18,O
%,O
45,O
Nos,O
18,O
%,O
18,O
Nos,O
18,O
%,O
19,O
Nos,O
18,O
%,O
255,O
Nos,O
.,O
18,O
%,O
5,O
Nos,O
.,O
18,O
%,O
173,O
Nos,O
.,O
18,O
%,O
405,O
Nos,O
.,O
18,O
%,O
24,O
Noş,O
.,O
18,O
%,O
74,O
Nos,O
.,O
18,O
%,O
115,O
Nos,O
.,O
276,O
Nos,O
.,O
145,O
Nos,O
.,O
211,O
Nos,O
.,O
146,O
Nos,O
.,O
257,O
Nos,O
.,O
38,O
Nos,O
.,O
43,O
Nos,O
.,O
612,O
Nos,O
.,O
65,O
Nos,O
.,O
244,O
Nos,O
.,O
156,O
Nos,O
.,O
97,O
Nos,O
.,O
329,O
Nos,O
.,O
57,O
Nos,O
.,O
349,O
Nos,O
.,O
576,O
Nos,O
.,O
373,O
Nos,O
.,O
Nos,O
.,O
54,O
%,O
54,O
%,O
54,O
%,O
54,O
%,O
54,O
%,O
54,O
%,O
54,O
%,O
54,O
%,O
54,O
%,O
54,O
%,O
54,O
%,O
54,O
%,O
54,O
%,O
54,O
%,O
54,O
%,O
54,O
%,O
54,O
%,O
54,O
%,O
*,O
940.244,O
87.404,O
336.26,O
.,O
0.22,O
SHE,O
NAME,O
:,O
RECEIVED,O
CGST,O
Skybay,O
DATE,O
:,O
1718119,O
P.01,O
13300,O
SGST,O
Parme,O
1662018,O
Round,O
Off,O
aho,O
C.N.,O
:,O
Total,B-GT_AMTL
Nos,O
.,O
"2,61,968",B-GT_AMT
Amount,O
Chargeable,O
(,O
in,O
words,O
),O
E.,O
&,O
O.E,O
Indian,O
Rupees,O
Two,O
Lakh,O
Sixty,O
One,O
Thousand,O
Nine,O
Hundred,O
Sixty,O
Eight,O
Only,O
HSN,O
/,O
SAC,O
Taxable,O
Central,O
Tax,O
State,O
Tax,O
Total,O
Value,O
Rate,O
Amount,O
Rate,O
Amount,O
Tax,O
Amount,O
3917,O
9,O
%,O
9,O
%,O
Tax,O
Amount,O
(,O
in,O
words,O
),O
:,O
Indian,O
Rupees,O
Thirty,O
Nine,O
Thousand,O
Nine,O
Hundred,O
Sixty,O
One,O
and,O
Twenty,O
paise,O
Only,O
Company,O
's,O
Bank,O
Details,O
Company,O
's,O
PAN,O
:,O
ADXPS3921J,O
Bank,O
Name,O
:,O
KOTAK,O
MAHINDRA,O
BANK,O
Declaration,O
Alc,O
No,O
.,O
:,O
5711312022,O
I/,O
We,O
hereby,O
certify,O
that,O
my,O
/,O
our,O
registration,O
certificate,O
under,O
the,O
Branch,O
&,O
IFS,O
Code,O
:,O
Khadki,O
&,O
KKBK0000727,O
GST,O
Act-2017,O
is,O
in,O
force,O
on,O
the,O
date,O
on,O
which,O
the,O
sale,O
of,O
the,O
for,O
SHAH,O
MARKETING,O
(,O
MANGALWAR,O
PETH,O
),O
goods,O
specified,O
in,O
this,O
Tax,O
Invoice,O
is,O
made,O
by,O
melus,O
and,O
that,O
the,O
transactions,O
of,O
sales,O
covered,O
by,O
this,O
Tax,O
Invoice,O
has,O
been,O
effected,O
by,O
sale,O
has,O
been,O
paid,O
or,O
shall,O
be,O
paid,O
.,O
Authorised,O
Signatory,O
SUBJECT,O
TO,O
PUNE,O
JURISDICTION,O
This,O
is,O
a,O
Computer,O
Generated,O
Invoice,O
Fune,O
