Text,Tag
TAX,O
INVOICE,O
Invoice,B-INV_L
No,I-INV_L
.,I-INV_L
Dated,B-INV_DL
18-Aug-18,B-INV_DT
Mode,O
/,O
Terms,O
of,O
Payment,O
Other,O
Reference(s,O
),O
SHAL,B-SUPP_N
MARKETING,I-SUPP_N
Shop,O
No.6,O
Llyods,O
Chamber,O
Barne,O
Road,O
469,O
Mangalwar,O
Peth,O
Pune,O
GSTIN,B-GSTL
/,I-GSTL
UIN,I-GSTL
:,O
27ADXPS3921J1ZT,B-SUPP_G
State,O
Name,O
:,O
Maharashtra,O
Code,O
:,O
27,O
Contact,O
:,O
20,O
-,O
-,O
26052747,O
E,O
-,O
Mail,O
:,O
shahmarketing4@gmail.com,O
Buyer,O
SIDDHARTH,B-BUY_N
PROPERTIES,I-BUY_N
GEETAI,O
FLOOR,O
PAUD,O
ROAD,O
NEAR,O
RELIANCE,O
FRESH,O
PUNE,O
.,O
GSTIN,B-GSTL
/,I-GSTL
UIN,I-GSTL
:,O
27AAZFS3607C1ZY,B-BUY_G
State,O
Name,O
:,O
Maharashtra,O
Code,O
:,O
27,O
SM/18,B-INV_NO
-,I-INV_NO
19/03604,I-INV_NO
Delivery,O
Note,O
SM/18,O
-,O
19/03604,O
Supplier,O
's,O
Ref,O
.,O
QUOTATION1249,O
Buyer,O
's,O
Order,O
No,O
.,O
QUOTATION1249,O
Despatch,O
Document,O
No,O
.,O
Dated,O
03-Aug-18,O
Delivery,O
Note,O
Date,O
18-Aug-18,O
Destination,O
Despatched,O
through,O
Contact,O
person,O
Contact,O
E,O
-,O
Mail,O
:,O
Mr.,O
Thube,O
/,O
Mane,O
:,O
8308824752,O
:,O
nilesh.mane@saarrthigroup.co.in,O
Terms,O
of,O
Delivery,O
',O
SKYBAY,O
SR.NO;-80/1,O
MOUZE,O
MHALUNGE,O
PUNE,O
8308846229,O
9689921859,O
PO,O
NO;-12127,O
SI,O
Description,O
of,O
Goods,O
HSN,O
/,O
SAC,O
Quantity,O
Rate,O
GST,O
Rate,O
per,O
Disc,O
.,O
%,O
Amount,O
No,O
.,O
1,O
Upvc,O
Elbow,O
45Deg,O
-,O
1,O
01-Apr,O
"""",O
(,O
Ajay,O
),O
3917,O
18,O
%,O
104,O
Nos,O
.,O
48.1,O
Nos,O
.,O
54,O
%,O
CGST,O
SGST,O
207.1,O
207.1,O
(,O
-)0.30,O
Less,O
:,O
Round,O
Off,O
Skybay,O
SITE,O
NAME,O
:,O
RECEIVED,O
DATE,O
:,O
276/18,O
Prime,O
P.O.:-12127,O
Total,B-GT_AMTL
104,O
Nos,O
.,O
*,O
"2,715",B-GT_AMT
E.,O
&,O
O.EE,O
Amount,O
Chargeable,O
(,O
in,O
words,O
),O
Indian,O
Rupees,O
Two,O
Thousand,O
Seven,O
Hundred,O
Fifteen,O
Only,O
HSN,O
/,O
SAC,O
Taxable,O
Value,O
3917,O
Total,O
Central,O
Tax,O
Rate,O
Amount,O
9,O
%,O
207.1,O
207.1,O
State,O
Tax,O
Total,O
Rate,O
Amount,O
Tax,O
Amount,O
9,O
%,O
207.1,O
414.2,O
207.1,O
414.2,O
Tax,O
Amount,O
(,O
in,O
words,O
),O
:,O
Indian,O
Rupees,O
Four,O
Hundred,O
Fourteen,O
and,O
Twenty,O
paise,O
Only,O
Company,O
's,O
Bank,O
Details,O
Compariy,O
's,O
PAN,O
:,O
ADXPS3921J,O
Bank,O
Name,O
:,O
KOTAK,O
MAHINDRA,O
BANK,O
Declaration,O
A,O
/,O
C,O
No,O
.,O
:,O
5711312022,O
I/,O
We,O
hereby,O
certify,O
that,O
my,O
/,O
our,O
registration,O
certificate,O
under,O
the,O
Branch,O
&,O
IFS,O
Code,O
:,O
Khadki,O
&,O
KKBK0000727,O
GST,O
Act-2017,O
is,O
in,O
force,O
on,O
the,O
date,O
on,O
which,O
the,O
sale,O
of,O
the,O
for,O
SHAH,O
MARKETING,O
goods,O
specified,O
in,O
this,O
Tax,O
Invoice,O
is,O
made,O
by,O
me,O
/,O
us,O
and,O
that,O
the,O
transactions,O
of,O
sales,O
covered,O
by,O
this,O
Tax,O
Invoice,O
has,O
been,O
effected,O
by,O
sale,O
has,O
been,O
paid,O
or,O
shall,O
be,O
paid,O
.,O
Authorised,O
Signatory,O
SUBJECT,O
TO,O
PUNE,O
JURISDICTION,O
BRERING,O
TING,O
This,O
is,O
a,O
Computer,O
Generated,O
Invoice,O
Pune,O
