Text,Tag
GST,O
INVOICE,O
CH,O
(,O
ORIGINAL,O
FOR,O
RECIPIENT,O
),O
M,O
Invoice,B-INV_L
No,I-INV_L
.,I-INV_L
SM/19,B-INV_NO
-,I-INV_NO
20/003696,I-INV_NO
Delivery,O
Note,O
Dated,B-INV_DL
29-Aug-19,B-INV_DT
Mode,O
/,O
Terms,O
of,O
Payment,O
Other,O
Reference(s,O
),O
SHAH,B-SUPP_N
MARKETING,I-SUPP_N
(,O
MANGALWAR,O
PETH,O
),O
Shop,O
No.6,O
Llyods,O
Chamber,O
Barne,O
Road,O
409,O
Mangalwar,O
Peth,O
Pune,O
GSTIN,B-GSTL
/,I-GSTL
UIN,I-GSTL
:,O
27ADXPS3921J1ZT,B-SUPP_G
State,O
Name,O
:,O
Maharashtra,O
Code,O
:,O
27,O
Contact,O
:,O
20,O
-,O
-,O
26052747,O
E,O
-,O
Mail,O
:,O
shahmarketing4@gmail.com,O
Buyer,O
SIDDHARTH,B-BUY_N
PROPERTIES,I-BUY_N
GEETAI,O
FLOOR,O
PAUD,O
ROAD,O
NEAR,O
RELIANCE,O
FRESH,O
PUNE,O
.,O
GSTIN,B-GSTL
/,I-GSTL
UIN,I-GSTL
:,O
27AAZFS3607C1ZY,B-BUY_G
State,O
Name,O
:,O
Maharashtra,O
Code,O
:,O
27,O
Supplier,O
's,O
Ref,O
.,O
QUOTATION1166,O
Buyer,O
's,O
Order,O
No,O
.,O
QUOTATION1166,O
Despatch,O
Document,O
No,O
.,O
Dated,O
09-Jul-19,O
Delivery,O
Note,O
Date,O
Despatched,O
through,O
Destination,O
Terms,O
of,O
Delivery,O
SKYBAY,O
SR,O
No;-60/1,O
Mouze,O
Mhalunge,O
Pune,O
Po,O
No;-13300,O
Contact,O
person,O
Contact,O
E,O
-,O
Mail,O
:,O
Mr.,O
Thube,O
/,O
Mane,O
8308824752,O
:,O
nilesh.mane@saarrthigroup.co.in,O
SI,O
No,O
.,O
Description,O
of,O
Goods,O
HSN,O
/,O
SAC,O
Quantity,O
Rate,O
GST,O
Rate,O
per,O
Disc,O
.,O
%,O
Amount,O
18,O
%,O
2,O
Nos,O
.,O
1,O
AJAY,O
PVC,O
R.S,O
/,O
Y,O
150MM,O
X,O
110MM,O
3917,O
2,O
AJAY,O
PVC,O
REDUCER,O
TEE,O
160MM,O
X,O
110MM,O
3917,O
3,O
110,O
mm,O
x,O
75,O
mm,O
Reducer,O
Bush,O
Agri,O
3917,O
4,O
AJAY,O
PVC,O
REDUCING,O
PLUG,O
TEE,O
110MMX75MM,O
3917,O
5,O
AJAY,O
PVC,O
PIPE,O
B,O
-,O
TYPE,O
160MMX10FT,O
SIS,O
3917,O
18,O
%,O
76,O
Nos,O
.,O
18,O
%,O
16,O
Nos,O
.,O
18,O
%,O
161,O
Nos,O
.,O
18,O
%,O
23,O
Nos,O
.,O
.,O
Nos,O
.,O
576,O
Nos,O
.,O
101.5,O
Nos,O
.,O
373,O
Nos,O
.,O
Nos,O
.,O
54,O
%,O
54,O
%,O
25,O
%,O
54,O
%,O
54,O
%,O
SGST,O
(,O
(,O
89,O
148.84,O
Round,O
Off,O
0.16,O
*,O
"89,149",B-GT_AMT
E.,O
&,O
O.,O
E,O
Total,B-GT_AMTL
278,O
Nos,O
.,O
Amount,O
Chargeable,O
(,O
in,O
words,O
),O
Indian,O
Rupees,O
Eighty,O
Nine,O
Thousand,O
One,O
Hundred,O
Forty,O
Nine,O
Only,O
HSN,O
/,O
SAC,O
Taxable,O
Central,O
Tax,O
Value,O
Rate,O
Amount,O
3917,O
State,O
Tax,O
Rate,O
Amount,O
9,O
%,O
Total,O
Tax,O
Amount,O
Tax,O
Amount,O
(,O
in,O
words,O
),O
:,O
Indian,O
Rupees,O
Thirteen,O
Thousand,O
Five,O
Hundred,O
Ninety,O
Eight,O
and,O
Ninety,O
Eight,O
paise,O
Only,O
Company,O
's,O
Bank,O
Details,O
Company,O
's,O
PAN,O
:,O
ADXPS3921J,O
Bank,O
Name,O
:,O
KOTAK,O
MAHINDRA,O
BANK,O
Declaration,O
A,O
/,O
c,O
No,O
.,O
:,O
5711312022,O
I,O
/,O
We,O
hereby,O
certify,O
that,O
my,O
/,O
our,O
registration,O
certificate,O
under,O
the,O
Branch,O
&,O
IFS,O
Code,O
:,O
Khadki,O
&,O
KKBK0000727,O
GST,O
Act-2017,O
is,O
in,O
force,O
on,O
the,O
date,O
on,O
which,O
the,O
sale,O
of,O
the,O
for,O
SHAH,O
MARKETING,O
(,O
MANGALWAR,O
PETH,O
),O
goods,O
specified,O
in,O
this,O
Tax,O
Invoice,O
is,O
made,O
by,O
melus,O
and,O
that,O
the,O
transactions,O
of,O
sales,O
covered,O
by,O
this,O
Tax,O
Invoice,O
has,O
been,O
effected,O
by,O
sale,O
has,O
been,O
paid,O
or,O
shall,O
be,O
paid,O
.,O
Authorised,O
Signatory,O
SUBJECT,O
TO,O
PUNE,O
JURISDICTION,O
M,O
TT,O
This,O
is,O
a,O
Computer,O
Generated,O
Invoice,O
4,O
Fine,O
