Text,Tag
SUBJECT,O
TO,O
PUNE,O
JURISDICTION,O
Dated,B-INV_DL
02-Sep-17,B-INV_DT
ice,B-INV_L
No,I-INV_L
.,I-INV_L
03735/17,B-INV_NO
-,I-INV_NO
18,I-INV_NO
/,I-INV_NO
GST,I-INV_NO
Ref,O
.,O
No,O
.,O
SHAH,B-SUPP_N
MARKETING,I-SUPP_N
409,O
Mangalwar,O
Peth,O
Llyods,O
Chambers,O
Shop,O
No,O
6Pune-11,O
20,O
-,O
GSTIN,B-GSTL
/,I-GSTL
UIN,I-GSTL
:,O
27ADXPS3921J1ZT,B-SUPP_G
Contact,O
:,O
20,O
-,O
26052647,09423580984/09422086305
E,O
-,O
Mail,O
:,O
shahmarketing4@gmail.com,O
TAX,O
INVOICE(Page,O
2,O
),O
Party,O
:,O
SIDDHARTH,B-BUY_N
PROPERTIES,I-BUY_N
-,O
S.B.,O
Road,O
SHIMMER,O
N,O
SHINE,O
SR,O
NO:14,O
+,O
15,O
+,O
17,O
+,O
18,O
+,O
19,O
HIGNE,O
KHURD,O
OPP,O
SNATOSH,O
HALL,O
SINHAGAD,O
ROAD,O
PO,O
NO:11228.(8308812019,O
),O
GSTIN,B-GSTL
/,I-GSTL
UIN,I-GSTL
:,O
27AAZFS3607C1ZY,B-BUY_G
State,O
Name,O
:,O
Maharashtra,O
Code,O
:,O
27,O
Place,O
of,O
Supply,O
:,O
Maharashtra,O
Contact,O
Person,O
:,O
Mr.,O
Thube,O
/,O
Mane,O
E,O
-,O
Mail,O
:,O
nilesh.mane@saarrthigroup.co.in,O
Description,O
of,O
Goods,O
HSN,O
/,O
SAC,O
GST,O
Quantity,O
Rate,O
Rate,O
SI,O
No,O
.,O
per,O
Disc,O
.,O
%,O
Amount,O
Less,O
:,O
Round,O
Off,O
(,O
-10.34,O
1,O
SITE,O
INAME,O
.,O
Shimmer,O
wishine,O
RECEIVED,O
DATE,O
:,O
1119117,O
1119117,O
Mome,O
11228,O
130511I,O
Total,B-GT_AMTL
Amount,O
Chargeable,O
(,O
in,O
words,O
),O
Indian,O
Rupees,O
Eleven,O
Thousand,O
Nine,O
Hundred,O
Eighty,O
Only,O
*,O
"11,980",B-GT_AMT
E.,O
&,O
O.,O
E,O
HSN,O
/,O
SAC,O
Taxable,O
Central,O
Tax,O
State,O
Tax,O
Total,O
Value,O
Rate,O
Amount,O
Rate,O
Amount,O
Tax,O
Amount,O
3917,O
9,O
%,O
730.89,O
9,O
%,O
730.89,O
35061000,O
908.06,O
9,O
%,O
81.73,O
9,O
%,O
81.73,O
163.46,O
8481,O
9,O
%,O
101.16,O
9,O
%,O
101.16,O
202.32,O
Total,O
913.78,O
913.78,O
Tax,O
Amount,O
(,O
in,O
words,O
),O
:,O
Indian,O
Rupees,O
One,O
Thousand,O
Eight,O
Hundred,O
Twenty,O
Seven,O
and,O
Fifty,O
Six,O
paise,O
Only,O
Company,O
's,O
PAN,O
:,O
ADXPS3921J,O
Company,O
's,O
Bank,O
Details,O
Bank,O
Name,O
:,O
KOTAK,O
MAHINDRA,O
BANK,O
Ac,O
No,O
.,O
:,O
5711312022,O
Branch,O
&,O
IFS,O
Code,O
:,O
Khadki,O
&,O
KKBK0000727,O
MAR,O
for,O
SHAH,O
MARKETING,O
Declaration,O
I,O
/,O
We,O
hereby,O
certify,O
that,O
my,O
/,O
our,O
registration,O
certificate,O
under,O
the,O
GST,O
Act-2017,O
is,O
in,O
force,O
on,O
the,O
date,O
on,O
which,O
the,O
sale,O
of,O
the,O
goods,O
specified,O
in,O
this,O
Tax,O
Invoice,O
is,O
made,O
by,O
me,O
/,O
us,O
and,O
that,O
the,O
transactions,O
of,O
sales,O
covered,O
by,O
this,O
Tay,O
invoice,O
on,O
hoon,O
=,O
X,O
