Text,Tag
TAX,O
INVOICE,O
(,O
K,O
),O
SHATIARKETING,B-SUPP_N
Shop,O
No.6,O
Llyods,O
Chamber,O
Barne,O
Road,O
409,O
Mangalwar,O
Peth,O
Pune,O
GSTIN,B-GSTL
/,I-GSTL
UIN,I-GSTL
:,O
27ADXPS3921J1ZT,B-SUPP_G
State,O
Name,O
:,O
Maharashtra,O
Code,O
:,O
27,O
Contact,O
:,O
20,O
-,O
1,O
26052747,O
E,O
-,O
Mail,O
:,O
shahmarketing4@gmail.com,O
Buyer,O
SIDDHARTH,B-BUY_N
PROPERTIES,I-BUY_N
GEETAI,O
SANKUL,O
2ND,O
FLOOR,O
PAUD,O
ROAD,O
NEAR,O
RELIANCE,O
FRESH,O
PUNE,O
.,O
GSTIN,B-GSTL
/,I-GSTL
UIN,I-GSTL
:,O
27AAZFS3607C1ZY,B-BUY_G
State,O
Name,O
:,O
Maharashtra,O
Code,O
:,O
27,O
Invoice,B-INV_L
No,I-INV_L
.,I-INV_L
e,O
-,O
Way,O
Bill,O
No,O
.,O
Dated,B-INV_DL
SM/18,B-INV_NO
-,I-INV_NO
19/03859,I-INV_NO
28-Aug-18,B-INV_DT
Delivery,O
Note,O
Mode,O
/,O
Terms,O
of,O
Payment,O
SM/18,O
-,O
19/03859,O
Supplier,O
's,O
Ref,O
.,O
Other,O
Reference(s,O
),O
QUOTATION1460,O
Buyer,O
's,O
Order,O
No,O
.,O
Dated,O
QUOTATION1460,O
24-Aug-18,O
Despatch,O
Document,O
No,O
.,O
Delivery,O
Note,O
Date,O
28-Aug-18,O
Despatched,O
through,O
Destination,O
Terms,O
of,O
Delivery,O
"""",O
SKYBAY,O
"""",O
MHALUNGE,O
PUNE,O
PO,O
NO;-12216,O
Contact,O
person,O
Contact,O
E,O
-,O
Mail,O
:,O
Mr.,O
Thube,O
/,O
Mane,O
:,O
8308824752,O
nilesh.mane@saarrthigroup.co.in,O
Description,O
of,O
Goods,O
HSN,O
/,O
SAC,O
Quantity,O
Rate,O
per,O
Disc,O
.,O
%,O
Amount,O
SI,O
No,O
.,O
GST,O
Rate,O
1,O
3917,O
Upvc,O
Sch-80,O
Pipe,O
"2""x",O
3mtr,O
(,O
Ajay,O
),O
18,O
%,O
306,O
Nos,O
.,O
Nos,O
.,O
54,O
.,O
4,O
CGST,O
SGST,O
(,O
-)0.29,O
Less,O
:,O
Round,O
Off,O
SITE,O
NAME,O
:,O
RECEIVED,O
"1,80,331",B-GT_AMT
E.,O
&,O
O.E,O
Tota,B-GT_AMTL
!,O
306,O
Nos,O
.,O
Amount,O
Chargeable,O
(,O
in,O
words,O
),O
Indian,O
Rupees,O
One,O
Lakh,O
Eighty,O
Thousand,O
Three,O
Hundred,O
Thirty,O
One,O
Only,O
HSN,O
/,O
SAC,O
Taxable,O
Central,O
Tax,O
Value,O
Rate,O
Amount,O
3917,O
9,O
%,O
Total,O
State,O
Tax,O
Rate,O
Amount,O
9,O
%,O
Total,O
Tax,O
Amount,O
Tax,O
Amount,O
(,O
in,O
words,O
),O
:,O
Indian,O
Rupees,O
Twenty,O
Seven,O
Thousand,O
Five,O
Hundred,O
Eight,O
and,O
Sixteen,O
paise,O
Only,O
MARAT,O
Company,O
's,O
Bank,O
Details,O
Company,O
's,O
PAN,O
:,O
ADXPS3921J,O
Bank,O
Name,O
:,O
KOTAK,O
MAHINDRA,O
BANK,O
A,O
/,O
c,O
No,O
.,O
Declaration,O
:,O
5711312022,O
Branch,O
&,O
IFS,O
Code,O
:,O
Khadki,O
&,O
KKBK0000727,O
I,O
/,O
We,O
hereby,O
certify,O
that,O
my,O
/,O
our,O
registration,O
certificate,O
under,O
the,O
GST,O
Act-2017,O
is,O
in,O
force,O
on,O
the,O
date,O
on,O
which,O
the,O
sale,O
of,O
the,O
for,O
SHAH,O
MARKETING,O
goods,O
specified,O
in,O
this,O
Tax,O
Invoice,O
is,O
made,O
by,O
melus,O
and,O
that,O
the,O
transactions,O
of,O
sales,O
covered,O
by,O
this,O
Tax,O
Invoice,O
has,O
been,O
effected,O
by,O
sale,O
has,O
been,O
paid,O
or,O
shall,O
be,O
paid,O
.,O
Authorised,O
.,O
Signatory,O
SUBJECT,O
TO,O
PUNE,O
JURISDICTION,O
Pune,O
This,O
is,O
a,O
Computer,O
Generated,O
Invoice,O
МА,O
.,O
