Text,Tag
TAX,O
INVOICE,O
Invoice,B-INV_L
No,I-INV_L
.,I-INV_L
SMBD/18,B-INV_NO
-,I-INV_NO
19/387,I-INV_NO
Delivery,O
Note,O
SMBD/18,O
-,O
19/387,O
Supplier,O
's,O
Ref,O
.,O
Dated,B-INV_DL
14-Aug-18,B-INV_DT
Mode,O
/,O
Terms,O
of,O
Payment,O
Other,O
Reference(s,O
),O
SHAH,B-SUPP_N
MARKETING,I-SUPP_N
Shop,O
No.6,O
Llyods,O
Chamber,O
Barne,O
Road,O
409,O
Mangalwar,O
Peth,O
Pune,O
GSTIN,B-GSTL
/,I-GSTL
UIN,I-GSTL
:,O
27ADXPS3921J1ZT,B-SUPP_G
State,O
Name,O
:,O
Maharashtra,O
Code,O
:,O
27,O
Contact,O
:,O
20,O
-,O
-,O
26052747,O
E,O
-,O
Mail,O
:,O
shahmarketing4@gmail.com,O
Buyer,O
SIDDHARTH,B-BUY_N
VALUE,I-BUY_N
HOMES,I-BUY_N
LLP,I-BUY_N
GEETAI,O
SANKUL,O
2ND,O
FLOOR,O
PAUD,O
ROAD,O
NEAR,O
RELIANCE,O
FRESH,O
PUNE,O
.,O
GSTIN,B-GSTL
/,I-GSTL
UIN,I-GSTL
:,O
27ACZFS0314C124,B-BUY_G
State,O
Name,O
:,O
Maharashtra,O
Code,O
:,O
27,O
Buyer,O
's,O
Order,O
No,O
.,O
Dated,O
Despatch,O
Document,O
No,O
.,O
Delivery,O
Note,O
Date,O
14-Aug-18,O
Destination,O
Despatched,O
through,O
Terms,O
of,O
Delivery,O
SAVVY,O
HOMES,O
SR,O
TO,O
ORRITEL,O
HOTEL,O
NEAR,O
VITTHAL,O
MANDIR,O
HINJEWADI,O
.,O
PO=189.(9689908626,O
),O
Contact,O
person,O
Contact,O
:,O
NILESH,O
MANE,O
:,O
7350000353,O
Description,O
of,O
Goods,O
HSN,O
/,O
SAC,O
per,O
Disc,O
.,O
%,O
Amount,O
SI,O
No,O
.,O
GST,O
Quantity,O
Rate,O
Rate,O
18,O
%,O
10,O
Nos./,O
Nos,O
.,O
1,O
7324,O
SS,O
SINK,O
21,O
"""",O
X,O
18,O
"""",O
FRANKE,O
Gst,O
Transport,O
CGST,O
(,O
-)0.40,O
SGST,O
Less,O
:,O
Round,O
Off,O
SITE,O
NAME,O
:,O
RECEIVED,O
SIGN,O
:,O
DATE:-,O
2318118,O
Story,O
Homes,O
Bome,O
dru,O
P.O.,O
:,O
189,O
GRN,O
:,O
1449,O
alt,O
"26,998",B-GT_AMT
E.,O
&,O
O.,O
E,O
Total,B-GT_AMTL
10,O
Nos,O
.,O
Amount,O
Chargeable,O
(,O
in,O
words,O
),O
Indian,O
Rupees,O
Twenty,O
Six,O
Thousand,O
Nine,O
Hundred,O
Ninety,O
Eight,O
Only,O
HSN,O
/,O
SAC,O
Taxable,O
Central,O
Tax,O
Value,O
Rate,O
Amount,O
7324,O
State,O
Tax,O
Rate,O
Amount,O
9,O
%,O
Total,O
Tax,O
Amount,O
Tax,O
Amount,O
(,O
in,O
words,O
),O
:,O
Indian,O
Rupees,O
Four,O
Thousand,O
One,O
Hundred,O
Eighteen,O
and,O
Forty,O
paise,O
Only,O
MARH,O
Company,O
's,O
Bank,O
Details,O
Company,O
's,O
PAN,O
:,O
ADXPS3921J,O
Bank,O
Name,O
:,O
KOTAK,O
MAHINDRA,O
BANK,O
Declaration,O
Alc,O
No,O
.,O
:,O
5711312022,O
I,O
/,O
We,O
hereby,O
certify,O
that,O
my,O
/,O
our,O
registration,O
certificate,O
under,O
the,O
Branch,O
&,O
IFS,O
Code,O
:,O
Khadki,O
&,O
KKBK0000727,O
GST,O
Act-2017,O
is,O
in,O
force,O
on,O
the,O
date,O
on,O
which,O
the,O
sale,O
of,O
the,O
for,O
SHAH,O
MARKETING,O
goods,O
specified,O
in,O
this,O
Tax,O
Invoice,O
is,O
made,O
by,O
melus,O
and,O
that,O
the,O
transactions,O
of,O
sales,O
covered,O
by,O
this,O
Tax,O
Invoice,O
has,O
been,O
effected,O
by,O
sale,O
has,O
been,O
paid,O
or,O
shall,O
be,O
paid,O
.,O
Authorised,O
Signatory,O
SUBJECT,O
TO,O
PUNE,O
JURISDICTION,O
This,O
is,O
a,O
Computer,O
Generated,O
Invoice,O
Pune,O
