Text,Tag
TAX,O
INVOICE,O
(,O
k,O
),O
Invoice,B-INV_L
No,I-INV_L
.,I-INV_L
SM/18,B-INV_NO
-,I-INV_NO
19/03926,I-INV_NO
Delivery,O
Note,O
SM/18,O
-,O
19/03926,O
Supplier,O
's,O
Ref,O
.,O
Dated,B-INV_DL
30-Aug-18,B-INV_DT
Mode,O
/,O
Terms,O
of,O
Payment,O
Other,O
Reference(s,O
),O
SHAH,B-SUPP_N
MARKETING,I-SUPP_N
Shop,O
No.6,O
Llyods,O
Chamber,O
Barne,O
Road,O
409,O
Mangalwar,O
Peth,O
Pune,O
GSTIN,B-GSTL
/,I-GSTL
UIN,I-GSTL
:,O
27ADXPS3921J1ZT,B-SUPP_G
State,O
Name,O
:,O
Maharashtra,O
Code,O
:,O
27,O
Contact,O
:,O
20,O
-,O
-,O
26052747,O
E,O
-,O
Mail,O
:,O
shahmarketing4@gmail.com,O
Buyer,O
SIDDHARTH,B-BUY_N
PROPERTIES,I-BUY_N
GEETAI,O
FLOOR,O
PAUD,O
ROAD,O
NEAR,O
RELIANCE,O
FRESH,O
PUNE,O
.,O
GSTIN,B-GSTL
/,I-GSTL
UIN,I-GSTL
27AAZFS3607C1ZY,B-BUY_G
State,O
Name,O
Maharashtra,O
Code,O
:,O
27,O
Buyer,O
's,O
Order,O
No,O
.,O
Dated,O
Despatch,O
Document,O
No,O
.,O
Delivery,O
Note,O
Date,O
30-Aug-18,O
Destination,O
Despatched,O
through,O
Terms,O
of,O
Delivery,O
SKYBAY,O
MOUZE,O
MHALUNGE,O
PO,O
NO:-12096,O
Contact,O
person,O
Contact,O
E,O
-,O
Mail,O
:,O
Mr.,O
Thube,O
/,O
Mane,O
:,O
8308824752,O
nilesh.mane@saarrthigroup.co.in,O
SI,O
No,O
.,O
Description,O
of,O
Goods,O
HSN,O
/,O
SAC,O
GST,O
Rate,O
Quantity,O
Rate,O
per,O
Disc,O
.,O
%,O
Amount,O
1,O
Upvc,O
Bushing,O
"2""x",O
1,O
01-Feb,O
"""",O
Sch-80,O
(,O
Ajay,O
),O
3917,O
18,O
%,O
5,O
Nos,O
.,O
35.7,O
Nos,O
.,O
:,O
54,O
%,O
82.11,O
CGST,O
SGST,O
7.39,O
89.5,O
7.39,O
96.89,O
0.11,O
Round,O
Off,O
SITE,O
NAME,O
:,O
RECEIVED,O
SIGN,O
:,O
DATE,O
:,O
P.O.:GRN,O
:,O
C.N.,O
:,O
Totai,B-GT_AMTL
5,O
Nos,O
.,O
*,O
97,B-GT_AMT
E.,O
&,O
O.E,O
Amount,O
Chargeable,O
(,O
in,O
words,O
),O
Indian,O
Rupees,O
Ninety,O
Seven,O
Only,O
HSN,O
/,O
SAC,O
3917,O
Taxable,O
Value,O
82.11,O
82.11,O
Central,O
Tax,O
Rate,O
Amount,O
9,O
%,O
7.39,O
7.39,O
State,O
Tax,O
Total,O
Rate,O
Amount,O
Tax,O
Amount,O
9,O
%,O
7.39,O
14.78,O
7.39,O
14.78,O
Total,O
Tax,O
Amount,O
(,O
in,O
words,O
),O
:,O
Indian,O
Rupees,O
Fourteen,O
and,O
Seventy,O
Eight,O
paise,O
Only,O
MAM,O
Company,O
's,O
Bank,O
Details,O
Company,O
's,O
PAN,O
:,O
ADXPS3921J,O
Bank,O
Name,O
:,O
KOTAK,O
MAHINDRA,O
BANK,O
A,O
/,O
C,O
No,O
.,O
Declaration,O
5711312022,O
I,O
/,O
We,O
hereby,O
certify,O
that,O
my,O
/,O
our,O
registration,O
certificate,O
under,O
the,O
Branch,O
&,O
IFS,O
Code,O
:,O
Khadki,O
&,O
KKBK0000727,O
GST,O
Act-2017,O
is,O
in,O
force,O
on,O
the,O
date,O
on,O
which,O
the,O
sale,O
of,O
the,O
for,O
SHAH,O
MARKETING,O
goods,O
specified,O
in,O
this,O
Tax,O
Invoice,O
is,O
made,O
by,O
melus,O
and,O
that,O
the,O
transactions,O
of,O
sales,O
covered,O
by,O
this,O
Tax,O
Invoice,O
has,O
been,O
effected,O
by,O
sale,O
has,O
been,O
paid,O
or,O
shall,O
be,O
paid,O
.,O
Authorised,O
Signatory,O
SUBJECT,O
TO,O
PUNE,O
JURISDICTION,O
Pune,O
This,O
is,O
a,O
Computer,O
Generated,O
Invoice,O
z,O
