Text,Tag
ALWAR,O
PETER,O
TAX,O
INVOICE,O
Invoice,B-INV_L
No,I-INV_L
.,I-INV_L
e,O
-,O
Way,O
Bill,O
No,O
.,O
Dated,B-INV_DL
SM/18,B-INV_NO
-,I-INV_NO
19/090096,I-INV_NO
2.01087E+11,O
04-Mar-19,B-INV_DT
Delivery,O
Note,O
Mode,O
/,O
Terms,O
of,O
Payment,O
Other,O
Reference(s,O
),O
SHAH,B-SUPP_N
MARKETING,I-SUPP_N
(,O
MANGALWAR,O
PETH,O
),O
Shop,O
No.6,O
Llyods,O
Chamber,O
Barne,O
Road,O
409,O
Mangalwar,O
Peth,O
Pune,O
GSTIN,B-GSTL
/,I-GSTL
UIN,I-GSTL
:,O
27ADXPS3921J1ZT,B-SUPP_G
State,O
Name,O
:,O
Maharashtra,O
Code,O
:,O
27,O
Contact,O
:,O
20,O
-,O
-,O
26052747,O
E,O
-,O
Mail,O
:,O
shahmarketing4@gmail.com,O
Buyer,O
SIDDHARTH,B-BUY_N
PROPERTIES,I-BUY_N
GEETAI,O
SANKUL,O
SND,O
FLOOR,O
PAUD,O
ROAD,O
NEAR,O
RELIANCE,O
FRESH,O
PUNE,O
.,O
GSTIN,B-GSTL
/,I-GSTL
UIN,I-GSTL
:,O
27AAZFS3607C1ZY,B-BUY_G
State,O
Name,O
Maharashtra,O
Code,O
:,O
27,O
Supplier,O
's,O
Ref,O
.,O
QUOTATION3267,O
Buyer,O
's,O
Order,O
No,O
.,O
QUOTATION3267,O
Despatch,O
Document,O
No,O
.,O
Dated,O
11-Feb-19,O
Delivery,O
Note,O
Date,O
Despatched,O
through,O
Destination,O
Contact,O
person,O
Contact,O
E,O
-,O
Mail,O
Terms,O
of,O
Delivery,O
SAARRTHI,O
SWADESH,O
GAT,O
No:-359,O
A,O
/,O
P,O
JAMBHUL,O
NEAR,O
KANHE,O
RAILWAY,O
STATION,O
.,O
Pune.(9689908624,O
),O
Po,O
No:-12781,O
:,O
Mr.,O
Thube,O
/,O
Mane,O
:,O
8308824752,O
:,O
nilesh.mane@saarrthigroup.co.in,O
S,O
No,O
Description,O
of,O
Goods,O
HSN,O
/,O
SAC,O
GST,O
Rate,O
Quantity,O
Rate,O
per,O
Disc,O
.,O
%,O
Amount,O
1,O
AJAY,O
PVC,O
PIPE,O
110MMX10FT,O
S,O
/,O
S,O
2,O
(,O
PRINCE,O
),O
SER,O
.,O
SADDLE,O
-,O
110,O
X,O
40,O
mm,O
3,O
AJAY,O
PVC,O
PIPE,O
B,O
-,O
TYPE,O
75MMX10FT,O
S,O
/,O
S,O
4,O
AJAY,O
PVC,O
PLUG,O
TEE,O
75MM,O
3917,O
3917,O
3917,O
3917,O
18,O
%,O
80,O
Nos,O
.,O
18,O
%,O
150,O
Nos,O
.,O
18,O
%,O
140,O
Nos,O
.,O
18,O
%,O
119,O
Nos,O
.,O
823,O
Noso,O
54,O
%,O
124,O
Nos,O
54,O
%,O
849,O
Nos,O
54,O
%,O
147,O
Nos,O
.,O
54,O
%,O
Gst,O
Transport,O
CGST,O
SGST,O
(,O
-)0.44,O
Less,O
:,O
Round,O
Off,O
CITE,O
NAME,O
:,O
CEIVED,O
Swadesh,O
mene,O
go,O
W,O
1913119,O
P.O.,O
:,O
12781,O
GRN,O
:,O
668812,O
C.N.:-,O
26263,O
fine,O
"1,24,566",B-GT_AMT
E,O
&,O
O.,O
E,O
Total,B-GT_AMTL
489,O
Nos,O
.,O
Amount,O
Chargeable,O
(,O
in,O
words,O
),O
Indian,O
Rupees,O
One,O
Lakh,O
Twenty,O
Four,O
Thousand,O
Five,O
Hundred,O
Sixty,O
Six,O
Only,O
HSN,O
/,O
SAC,O
Taxable,O
Central,O
Tax,O
Value,O
Rate,O
Amount,O
3917,O
State,O
Tax,O
Rate,O
Amount,O
9,O
%,O
Totai,O
Tax,O
Amount,O
Tax,O
Amount,O
(,O
in,O
words,O
),O
:,O
Indian,O
Rupees,O
Nineteen,O
Thousand,O
One,O
and,O
Sixty,O
Six,O
paise,O
Only,O
Company,O
's,O
Bank,O
Details,O
Company,O
's,O
PAN,O
:,O
ADXPS3921J,O
Bank,O
Name,O
:,O
KOTAK,O
MAHINDRA,O
BANK,O
Declaration,O
A,O
/,O
c,O
No,O
.,O
5711312022,O
We,O
hereby,O
certify,O
that,O
my,O
/,O
our,O
registration,O
certificate,O
under,O
the,O
Branch,O
&,O
IFS,O
Code,O
:,O
Khadki,O
&,O
KKBK0000727,O
GST,O
Act-2017,O
is,O
in,O
force,O
on,O
the,O
date,O
on,O
which,O
the,O
sale,O
of,O
the,O
goods,O
specified,O
in,O
this,O
Tax,O
Invoice,O
is,O
made,O
by,O
me,O
/,O
us,O
and,O
that,O
the,O
transactions,O
of,O
sales,O
covered,O
by,O
this,O
Tax,O
Invoice,O
has,O
been,O
effected,O
by,O
sale,O
has,O
been,O
paid,O
or,O
shall,O
be,O
paid,O
.,O
Authorised,O
Signatory,O
SUBJECT,O
TO,O
PUNE,O
JURISDICTION,O
Pune,O
This,O
is,O
a,O
Computer,O
Generated,O
invoice,O
ING,O
