Text,Tag
GST,O
INVOICE,O
(,O
ORIGINAL,O
FOR,O
RECIPIENT,O
),O
M,O
Invoice,B-INV_L
No,I-INV_L
.,I-INV_L
SM19,B-INV_NO
-,I-INV_NO
20/004463,I-INV_NO
Delivery,O
Note,O
e,O
-,O
Way,O
Bill,O
No,O
.,O
Dated,B-INV_DL
2.41144E+11,O
01-Oct-19,B-INV_DT
Mode,O
/,O
Terms,O
of,O
Payment,O
SHAH,B-SUPP_N
MARKETING,I-SUPP_N
(,O
MANGALWAR,O
PETH,O
),O
Shop,O
No.6,O
Llyods,O
Chamber,O
Barne,O
Road,O
409,O
Mangalwar,O
Peth,O
Pune,O
GSTIN,B-GSTL
/,I-GSTL
UIN,I-GSTL
:,O
27ADXPS3921J1ZT,B-SUPP_G
State,O
Name,O
:,O
Maharashtra,O
Code,O
:,O
27,O
Contact,O
:,O
20,O
-,O
-,O
26052747,O
E,O
-,O
Mail,O
:,O
shahmarketing4@gmail.com,O
Buyer,O
SIDDHARTH,B-BUY_N
PROPERTIES,I-BUY_N
GEETAI,O
FLOOR,O
PAUD,O
ROAD,O
NEAR,O
RELIANCE,O
FRESH,O
PUNE,O
.,O
GSTIN,B-GSTL
/,I-GSTL
UIN,I-GSTL
:,O
27AAZFS3607C1ZY,B-BUY_G
State,O
Name,O
:,O
Maharashtra,O
Code,O
:,O
27,O
Supplier,O
's,O
Ref,O
.,O
QUOTATION1956,O
Buyer,O
's,O
Order,O
No,O
.,O
QUOTATION1956,O
Despatch,O
Document,O
No,O
.,O
Other,O
Reference(s,O
),O
MAIL,O
APPROVAL,O
Dated,O
25-Sep-19,O
Delivery,O
Note,O
Date,O
Despatched,O
through,O
Destination,O
Terms,O
of,O
Delivery,O
SWADESH,O
KANHEPHATA,O
(,O
SANDEEP,O
WANI-9689908624,O
),O
Contact,O
person,O
Contact,O
E,O
-,O
Mail,O
:,O
Mr.,O
Thube,O
/,O
Mane,O
:,O
8308824752,O
:,O
nilesh.mane@saarrthigroup.co.in,O
Description,O
of,O
Goods,O
HSN,O
/,O
SAC,O
Quantity,O
Rate,O
per,O
Disc,O
.,O
%,O
Amount,O
SI,O
No,O
.,O
GST,O
Rate,O
11,O
Upvc,O
Bushing,O
1,O
"1/2""X",O
1,O
01-Apr,O
"""",O
Sch-80,O
(,O
Ajay,O
),O
3917,O
92,O
UPVC,O
BUSHING,O
1,O
"1/4""X",O
1,O
"""",O
Sch-80,O
(,O
AJAY,O
),O
3917,O
3,O
Upvc,O
Bushing,O
"1""X",O
01-Feb,O
"""",O
Sch-80,O
(,O
Ajay,O
),O
3917,O
4,O
Upvc,O
Bushing,O
"1""x",O
03-Apr,O
"""",O
Sch-80,O
(,O
Ajay,O
),O
3917,O
5,O
Upvc,O
Bushing,O
"3/4""x",O
01-Feb,O
"""",O
Sch-80,O
(,O
Ajay,O
),O
3917,O
6,O
Upvc,O
Bushing,O
"2""x",O
1,O
01-Feb,O
"""",O
Sch-80,O
(,O
Ajay,O
),O
3917,O
7,O
Upvc,O
Bushing,O
1,O
"1/4""x",O
01-Feb,O
"""",O
Sch-80,O
(,O
Ajay,O
),O
3917,O
8,O
UPVC,O
TEE,O
01-Feb,O
"""",O
Sch-80,O
(,O
AJAY,O
),O
3917,O
9,O
Upvc,O
Elbow,O
01-Feb,O
"""",O
90deg,O
Sch-80,O
(,O
Ajay,O
),O
3917,O
10,O
UPVC,O
SOCKET,O
01-Feb,O
"""",O
SCH-80,O
(,O
AJAY,O
),O
3917,O
11,O
UPVC,O
Elbow,O
1,O
01-Apr,O
"""",O
90Deg,O
Sch-80,O
(,O
Ajay,O
),O
3917,O
12,O
UPVC,O
END,O
CAP,O
2,O
"""",O
Sch-80,O
(,O
AJAY,O
),O
3917,O
13,O
UPVC,O
END,O
CAP,O
1,O
01-Apr,O
"""",O
Sch-80,O
(,O
AJAY,O
),O
3917,O
14,O
UPVC,O
END,O
CAP,O
1,O
"""",O
Sch-80,O
(,O
Ajay,O
),O
3917,O
15,O
Upvc,O
End,O
Cap,O
03-Apr,O
"""",O
Sch-80,O
(,O
Ajay,O
),O
3917,O
16,O
Upvc,O
-,O
Sch80,O
Pipe,O
-,O
1,O
"1/4""X",O
3mtr(Ajay,O
),O
3917,O
17,O
Upvc,O
Sch-80,O
Pipe,O
"1""x",O
3mtr,O
(,O
Ajay,O
),O
3917,O
18,O
Upvc,O
Sch-80,O
Pipe,O
"3/4""x3mtr",O
(,O
Ajay,O
),O
3917,O
19,O
Upvc,O
Sch-80,O
Pipe,O
"2""x",O
3mtr,O
(,O
Ajay,O
),O
3917,O
20,O
UPVC,O
SCH-40,O
PIPE,O
2,O
"1/2""X3MTR",O
(,O
AJAY,O
),O
3917,O
21,O
Upvc,O
Tee,O
-,O
2,O
01-Feb,O
"""",O
Sch-80,O
(,O
Ajay,O
),O
3917,O
172,O
UPVC,O
ELBOW,O
2,O
01-Feb,O
"""",O
90-DEG,O
Sch-80,O
(,O
AJAY,O
),O
3917,O
23,O
UPVC,O
SOCKET,O
2,O
01-Feb,O
"""",O
Sch-80,O
(,O
AJAY,O
),O
3917,O
24,O
UPVC,O
NSF,O
BALVALVE,O
21-Feb,O
"""",O
(,O
AJAY,O
),O
8481,O
25,O
Upvc,O
Bushing-,O
2,O
01-Feb,O
"""",O
x,O
2,O
"""",O
Sch80,O
(,O
Ajay,O
),O
3917,O
18,O
%,O
30,O
Noş,O
.,O
18,O
%,O
35,O
Nos,O
.,O
18,O
%,O
40,O
Nos,O
.,O
18,O
%,O
40,O
Nos,O
.,O
18,O
%,O
30,O
Nos,O
.,O
18,O
%,O
30,O
Nos,O
.,O
18,O
%,O
40,O
Nos,O
18,O
%,O
90,O
Nos,O
.,O
18,O
%,O
120,O
Nos,O
.,O
18,O
%,O
90,O
Nos,O
.,O
18,O
%,O
140,O
Nos,O
.,O
18,O
%,O
30,O
Nos,O
18,O
%,O
35,O
Nos,O
.,O
18,O
%,O
25,O
Nos,O
.,O
18,O
%,O
20,O
Nos,O
18,O
%,O
129,O
Nosa,O
18,O
%,O
99,O
Nos,O
:,O
18,O
%,O
148,O
Nos,O
.,O
18,O
%,O
55,O
Nos,O
.,O
18,O
%,O
70,O
Nos,O
.,O
18,O
%,O
50,O
Nos,O
.,O
18,O
%,O
112,O
Nos,O
.,O
18,O
%,O
50,O
Nos,O
.,O
18,O
%,O
13,O
Nos,O
.,O
18,O
%,O
26,O
Nos,O
.,O
13,O
Nos,O
.,O
17,O
Nos,O
.,O
11.6,O
Nos,O
.,O
7.6,O
Nos,O
.,O
4.7,O
Nos,O
.,O
37,O
Nos,O
.,O
28.2,O
Nos,O
.,O
18.5,O
Nos,O
.,O
14,O
Nos,O
.,O
9.6,O
Nos,O
.,O
52.7,O
Nos,O
.,O
50.5,O
Nos,O
.,O
24.9,O
Nos,O
.,O
15.6,O
Nos,O
.,O
10.7,O
Nos,O
.,O
684.6,O
Nos,O
.,O
491.1,O
Nos,O
.,O
343.2,O
Nos,O
.,O
Nos,O
.,O
Nos,O
.,O
315.1,O
Nos,O
.,O
244.2,O
Nos,O
.,O
150.7,O
|,O
Nos,O
.,O
Nos,O
.,O
84.3,O
Nos,O
.,O
60,O
%,O
60,O
%,O
60,O
%,O
60,O
%,O
60,O
%,O
60,O
%,O
60,O
%,O
60,O
%,O
60,O
%,O
60,O
%,O
60,O
%,O
60,O
%,O
60,O
%,O
60,O
%,O
60,O
%,O
60,O
%,O
60,O
%,O
60,O
%,O
60,O
%,O
60,O
%,O
60,O
%,O
60,O
%,O
60,O
%,O
60,O
%,O
60,O
%,O
156,O
238,O
185.6,O
121.6,O
56.4,O
444,O
451.2,O
666,O
672,O
345.6,O
876.72,O
ko,O
continued,O
...,O
SITE,O
NAME,O
:,O
RECEIVED,O
Swadesh,O
Creme,O
MARK,O
DATE,O
:,O
9110119,O
13623,O
2021812,O
SHAM,O
TING,O
Pune,O
SUBJECT,O
TO,O
PUNE,O
JURISDICTION,O
This,O
is,O
a,O
Computer,O
Generated,O
Invoice,O
