Text,Tag
GST,O
INVOICE(Page,O
2,O
),O
(,O
ORIGINAL,O
FOR,O
RECIPIENT,O
),O
M,O
Invoice,B-INV_L
No,I-INV_L
.,I-INV_L
SM/19,B-INV_NO
-,I-INV_NO
20/004632,I-INV_NO
Delivery,O
Note,O
e,O
-,O
Way,O
Bill,O
No,O
.,O
Dated,B-INV_DL
2.21145E+11,O
07-Oct-19,B-INV_DT
Mode,O
/,O
Terms,O
of,O
Payment,O
Supplier,O
's,O
Ref,O
.,O
SHAH,B-SUPP_N
MARKETING,I-SUPP_N
Shop,O
No.6,O
Llyods,O
Chamber,O
Barne,O
Road,O
409,O
Mangalwar,O
Peth,O
Pune,O
GSTIN,B-GSTL
/,I-GSTL
UIN,I-GSTL
:,O
27ADXPS3921J1ZT,O
State,O
Name,O
:,O
Maharashtra,O
Code,O
:,O
27,O
Contact,O
:,O
20,O
-,O
-,O
26052747,O
E,O
-,O
Mail,O
:,O
shahmarketing4@gmail.com,O
Buyer,O
SIDDHARTH,B-BUY_N
PROPERTIES,I-BUY_N
GEETAI,O
SANKUL,O
2ND,O
FLOOR,O
PAUD,O
ROAD,O
NEAR,O
RELIANCE,O
FRESH,O
PUNE,O
.,O
GSTIN,B-GSTL
/,I-GSTL
UIN,I-GSTL
27AAZFS3607C1ZY,B-BUY_G
State,O
Name,O
Maharashtra,O
Code,O
:,O
27,O
Other,O
Reference(s,O
),O
VERBAL,O
ORDER,O
FROM,O
DADASAHEB,O
Dated,O
Buyer,O
's,O
Order,O
No,O
.,O
Despatch,O
Document,O
No,O
.,O
Delivery,O
Note,O
Date,O
Despatched,O
through,O
Destination,O
Terms,O
of,O
Delivery,O
KASHI,O
KAPADI,O
NEAR,O
EKLAVYA,O
COLLEGE,O
KOTHRUD,O
(,O
ABHISHEK-7774076332,O
),O
Contact,O
person,O
Contact,O
E,O
-,O
Mail,O
.,O
:,O
Mr.,O
Thube,O
/,O
Mane,O
:,O
8308824752,O
:,O
nilesh.mane@saarrthigroup.co.in,O
SI,O
No,O
.,O
Description,O
of,O
Goods,O
HSN,O
/,O
SAC,O
Quantity,O
Rate,O
GST,O
Rate,O
per,O
Disc,O
.,O
%,O
Amount,O
60,O
%,O
60,O
%,O
3917,O
3917,O
7318,O
7317,O
3506,O
18,O
%,O
20,O
Nos,O
18,O
%,O
50,O
Nos,O
.,O
18,O
%,O
50,O
Nos,O
.,O
18,O
%,O
4,O
Box,O
18,O
%,O
10,O
Nos,O
162.1,O
Nos,O
.,O
63.9,O
Nos,O
.,O
11.5,O
Nos,O
.,O
180,O
Box,O
670,O
Nos,O
.,O
30,O
%,O
40,O
%,O
3506,O
18,O
%,O
14,O
Nos,O
420,O
Nos,O
.,O
40,O
%,O
29,O
Upvc,O
R.,O
Tee,O
"2""x",O
1,O
"""",O
Sch-80,O
(,O
Ajay,O
),O
30,O
UPVC,O
SOCKET,O
2,O
"""",O
Sch-80,O
(,O
AJAY,O
),O
31,O
],O
Gi,O
U,O
Bolt,O
with,O
Nut,O
&,O
Washer,O
2,O
"""",O
(,O
May-16,O
),O
293.1,O
.,O
KHILA,O
2,O
"""",O
33,O
E,O
-,O
Z,O
WELD,O
216,O
UPVC,O
INDUSTRIAL,O
SOLVENT,O
CEMENT,O
473,O
ML,O
34,O
E,O
-,O
Z,O
WELD,O
UPVC,O
SOLVENT,O
CEMENT,O
473,O
ML,O
TIN,O
(,O
USA,O
),O
35,O
E,O
-,O
Z,O
WELD,O
PURPLE,O
PRIMER,O
473,O
ML,O
36,O
Upvc,O
Sch-40,O
Pipe,O
1,O
"1/2""X3mtr",O
(,O
Ajay,O
),O
37,O
Upvc,O
Elbow,O
1,O
01-Feb,O
"""",O
90,O
Deg,O
Sch-80,O
(,O
Ajay,O
),O
38,O
UPVC,O
TEE,O
1,O
01-Feb,O
"""",O
Sch-80,O
(,O
AJAY,O
),O
39,O
UPVC,O
TEE,O
1,O
01-Apr,O
"""",O
Sch-80,O
(,O
AJAY,O
),O
40,O
UPVC,O
R.,O
TEE,O
1,O
"1/4""X",O
01-Feb,O
"""",O
Sch-80,O
(,O
AJAY,O
),O
41,O
UPVC,O
Elbow,O
1,O
01-Apr,O
"""",O
90Deg,O
Sch-80,O
(,O
Ajay,O
),O
42,O
UPVC,O
Elbow,O
1,O
01-Apr,O
"""",O
90Deg,O
Sch-80,O
(,O
Ajay,O
),O
43,O
UPVC,O
TESTED,O
NON,O
NSF,O
BALLVALVE,O
1,O
-,O
01-Apr,O
"""",O
44,O
UPVC,O
TESTED,O
NON,O
NSF,O
BALLVALVE,O
1,O
-,O
01-Feb,O
"""",O
45,O
Gi,O
U,O
Bolt,O
with,O
Nut,O
&,O
Washer,O
1,O
01-Apr,O
"""",O
(,O
01-Apr,O
),O
46,O
Gi,O
U,O
Bolt,O
with,O
Nut,O
&,O
Washer,O
1,O
01-Feb,O
"""",O
(,O
May-16,O
),O
47,O
AJAY,O
PVC,O
PLAIN,O
BEND,O
75,O
MM,O
48,O
AJAY,O
PVC,O
PLUG,O
BEND,O
75MM,O
49,O
AJAY,O
PVC,O
PLAIN,O
BEND,O
110MM,O
50,O
AJAY,O
PVC,O
PLUG,O
BEND,O
110MM,O
51,O
AJAY,O
PVC,O
PLAIN,O
S,O
/,O
Y,O
75MM,O
5.L.JAY,O
PVC,O
SHOE,O
45DEG,O
110MM,O
53,O
AJAY,O
PVC,O
SHOE,O
45DEG,O
75MM,O
54,O
Gi,O
U,O
Bolt,O
with,O
Nut,O
&,O
Washer,O
4,O
"""",O
(,O
May-16,O
),O
3506,O
3917,O
3917,O
3917,O
3917,O
3917,O
3917,O
3917,O
3917,O
3917,O
7318,O
7318,O
3917,O
3917,O
3917,O
3917,O
3917,O
3917,O
3917,O
7318,O
18,O
%,O
4,O
Nos,O
.,O
18,O
%,O
20,O
Nos,O
.,O
18,O
%,O
30,O
Nosi,O
18,O
%,O
10,O
Nos,O
18,O
%,O
10,O
NOSL,O
18,O
%,O
10,O
Nost,O
18,O
%,O
40,O
Nos,O
18,O
%,O
40,O
Nos,O
.,O
18,O
%,O
2,O
Nos,O
.,O
18,O
%,O
2,O
NOSA,O
18,O
%,O
100,O
Nosa,O
18,O
%,O
100,O
Now,O
18,O
%,O
50,O
Nosi,O
18,O
%,O
50,O
Nos,O
.,O
18,O
%,O
50,O
Nos,O
.,O
18,O
%,O
50,O
Nos,O
.,O
18,O
%,O
20,O
Nos,O
.,O
18,O
%,O
20,O
Nosa,O
18,O
%,O
20,O
Nos,O
.,O
18,O
%,O
100,O
Noss,O
619,O
Nos,O
.,O
621.6,O
Nos,O
.,O
70.9,O
Nos,O
.,O
94.4,O
Nos,O
.,O
68.3,O
Nos,O
.,O
68.3,O
Nos,O
.,O
53.3,O
Nos,O
.,O
53.3,O
Nos,O
.,O
256,O
Nos,O
.,O
290,O
Nos,O
.,O
76.5,O
Nos,O
.,O
10.5,O
Nos,O
.,O
113,O
Nos,O
.,O
156,O
Nos,O
.,O
177,O
Nos,O
.,O
227,O
Nos,O
.,O
168,O
Nos,O
.,O
768,O
Nos,O
.,O
104,O
Nos,O
.,O
19,O
Nos,O
.,O
40,O
%,O
60,O
%,O
60,O
%,O
60,O
%,O
60,O
%,O
60,O
%,O
60,O
%,O
60,O
%,O
60,O
%,O
60,O
%,O
30,O
%,O
30,O
%,O
60,O
%,O
60,O
%,O
60,O
%,O
60,O
%,O
60,O
%,O
60,O
%,O
60,O
%,O
30,O
850.8,O
377.6,O
273.2,O
273.2,O
852.8,O
852.8,O
204.8,O
232,O
455,O
735,O
832,O
continued,O
...,O
SUBJECT,O
TO,O
PUNE,O
JURISDICTION,O
This,O
is,O
a,O
Computer,O
Generated,O
Invoice,O
