Text,Tag
SUBJECT,O
TO,O
PUNE,O
JURISDICTION,O
Dated,B-INV_DL
13-Oct-17,B-INV_DT
Invoice,B-INV_L
No,I-INV_L
.,I-INV_L
04741/17,B-INV_NO
-,I-INV_NO
18,I-INV_NO
/,I-INV_NO
GST,I-INV_NO
Ref,O
.,O
No,O
.,O
SHAH,B-SUPP_N
MARKETING,I-SUPP_N
409,O
Mangalwar,O
Peth,O
Llyods,O
Chambers,O
Shop,O
No,O
6Pune-11,O
20,O
-,O
GSTIN,B-GSTL
/,I-GSTL
UIN,I-GSTL
:,O
27ADXPS3921J1ZT,B-SUPP_G
State,O
Name,O
:,O
Maharashtra,O
Code,O
:,O
27,O
Contact,O
:,O
20,O
-,O
-,O
26052747,O
E,O
-,O
Mail,O
:,O
shahmarketing4@gmail.com,O
TAX,O
INVOICE(Page,O
2,O
),O
Party,O
:,O
SIDDHARTH,B-BUY_N
PROPERTIES,I-BUY_N
-,O
S.B.,O
Road,O
SKYBAY,O
SR,O
NO:60/1,O
MOUZE,O
MAHALUNGE.TAL,O
-,O
MULSHI,O
PO,O
NO:11314.(9689921859-ANIL,O
),O
GSTIN,B-GSTL
/,I-GSTL
UIN,I-GSTL
:,O
27AAZFS3607C1ZY,B-BUY_G
State,O
Name,O
:,O
Maharashtra,O
Code,O
:,O
27,O
Place,O
of,O
Supply,O
:,O
Maharashtra,O
Contact,O
Person,O
:,O
Mr.,O
Thube,O
/,O
Mane,O
Contact,O
:,O
8308824752,O
E,O
-,O
Mail,O
:,O
nilesh.mane@saarrthigroup.co.in,O
Description,O
of,O
Goods,O
HSN,O
/,O
SAC,O
GST,O
Quantity,O
Rate,O
Rate,O
Round,O
Off,O
SI,O
No,O
.,O
per,O
Disc,O
.,O
%,O
Amount,O
Less,O
:,O
(,O
-10.34,O
Total,B-GT_AMTL
Nos,O
.,O
*,O
"3,38,278",B-GT_AMT
Amount,O
Chargeable,O
(,O
in,O
words,O
),O
E,O
&,O
O.,O
E,O
Indian,O
Rupees,O
Three,O
Lakh,O
Thirty,O
Eight,O
Thousand,O
Two,O
Hundred,O
Seventy,O
Eight,O
Only,O
HSN,O
/,O
SAC,O
Taxable,O
Central,O
Tax,O
State,O
Tax,O
Total,O
Value,O
Rate,O
Amount,O
Rate,O
Amount,O
Tax,O
Amount,O
39172390,O
Tax,O
Amount,O
(,O
in,O
words,O
),O
:,O
Indian,O
Rupees,O
Fifty,O
One,O
Thousand,O
Six,O
Hundred,O
One,O
and,O
Eighty,O
Two,O
paise,O
Only,O
Company,O
's,O
PAN,O
:,O
ADXPS3921J,O
Company,O
's,O
Bank,O
Details,O
Bank,O
Name,O
:,O
KOTAK,O
MAHINDRA,O
BANK,O
A,O
/,O
C,O
No,O
.,O
:,O
5711312022,O
Branch,O
&,O
IFS,O
Code,O
:,O
Khadki,O
&,O
KKBK0000727,O
for,O
SHAH,O
MARKETING,O
Declaration,O
I,O
/,O
We,O
hereby,O
certify,O
that,O
my,O
/,O
our,O
registration,O
certificate,O
under,O
the,O
GST,O
Act-2017,O
is,O
in,O
force,O
on,O
the,O
date,O
on,O
which,O
the,O
sale,O
of,O
the,O
goods,O
specified,O
in,O
this,O
.,O
Tax,O
Invoice,O
is,O
made,O
by,O
me,O
/,O
us,O
and,O
that,O
the,O
transactions,O
of,O
sales,O
covered,O
by,O
this,O
Tax,O
Invoice,O
has,O
been,O
HS,O
*,O
