Text,Tag
TAX,O
INVOICE,O
(,O
(,O
12,O
),O
Invoice,B-INV_L
No,I-INV_L
.,I-INV_L
e,O
-,O
Way,O
Bill,O
No,O
.,O
Dated,B-INV_DL
SM/18,B-INV_NO
-,I-INV_NO
19/04841,I-INV_NO
04-Oct-18,B-INV_DT
Delivery,O
Note,O
Mode,O
/,O
Terms,O
of,O
Payment,O
SM/18,O
-,O
19/04841,O
Supplier,O
's,O
Ref,O
.,O
Other,O
Reference(s,O
),O
SHAN,B-SUPP_N
MARKETING,I-SUPP_N
Shop,O
No.6,O
Llyods,O
Chamber,O
Barne,O
Road,O
409,O
Mangalwar,O
Peth,O
Pune,O
GSTIN,B-GSTL
/,I-GSTL
UIN,I-GSTL
:,O
27ADXPS3921J1ZT,B-SUPP_G
State,O
Name,O
:,O
Maharashtra,O
Code,O
:,O
27,O
Contact,O
:,O
20,O
-,O
-,O
26052747,O
E,O
-,O
Mail,O
:,O
shahmarketing4@gmail.com,O
Buyer,O
Saarrthi,B-BUY_N
Realty,I-BUY_N
&,I-BUY_N
Infra,I-BUY_N
Lip,I-BUY_N
Geetai,O
Floor,O
Near,O
Reliance,O
Fresh,O
Pune-411038,O
91,O
-,O
20,O
-,O
25633361,O
GSTIN,B-GSTL
/,I-GSTL
UIN,I-GSTL
:,O
27ACMFS8187L1Z3,B-BUY_G
State,O
Name,O
:,O
Maharashtra,O
Code,O
:,O
27,O
Buyer,O
's,O
Order,O
No,O
.,O
Dated,O
Despatch,O
Document,O
No,O
.,O
Delivery,O
Note,O
Date,O
04-Oct-18,O
Destination,O
Despatched,O
through,O
Terms,O
of,O
Delivery,O
Po,O
No:-132,O
E,O
-,O
Mail,O
:,O
nilesh.mane@saarrthigroup.co.in,O
SI,O
No,O
.,O
Description,O
of,O
Goods,O
HSN,O
/,O
SAC,O
GST,O
Rate,O
Quantity,O
Rate,O
per,O
Disc,O
.,O
%,O
Amount,O
1,O
AJAY,O
PVC,O
PIPE,O
110MMX10FT,O
SIS,O
S,O
/,O
F,O
3917,O
18,O
%,O
30,O
Nos,O
808,O
NOSE,O
54,O
%,O
(,O
-)0.48,O
Less,O
:,O
Round,O
Off,O
SITE,O
NAME,O
:,O
S.,O
Tower,O
RECEIVED,O
SIGN,O
:,O
DATE:-,O
11110118,O
Prime,O
*,O
"13,157",B-GT_AMT
E.,O
&,O
O.E,O
Toiai,B-GT_AMTL
30,O
Nos,O
.,O
Amount,O
Chargeable,O
(,O
in,O
words,O
),O
Indian,O
Rupees,O
Thirteen,O
Thousand,O
One,O
Hundred,O
Fifty,O
Seven,O
Only,O
HSN,O
/,O
SAC,O
Taxable,O
Central,O
Tax,O
Value,O
Rate,O
Amount,O
3917,O
Tax,O
Amount,O
(,O
in,O
words,O
),O
:,O
Indian,O
Rupees,O
Two,O
Thousand,O
Seven,O
and,O
Eight,O
paise,O
Only,O
State,O
Tax,O
Rate,O
Amount,O
9,O
%,O
Total,O
Tax,O
Amount,O
MARKO,O
Company,O
's,O
Bank,O
Details,O
Company,O
's,O
PAN,O
:,O
ADXPS3921J,O
Bank,O
Name,O
:,O
KOTAK,O
MAHINDRA,O
BANK,O
Declaration,O
A,O
/,O
C,O
No,O
.,O
:,O
5711312022,O
IMWe,O
hereby,O
certify,O
that,O
my,O
/,O
our,O
registration,O
certificate,O
under,O
the,O
Branch,O
&,O
IFS,O
Code,O
:,O
Khadki,O
&,O
KKBK0000727,O
GST,O
Act-2017,O
is,O
in,O
force,O
on,O
the,O
date,O
on,O
which,O
the,O
sale,O
of,O
the,O
for,O
SHAH,O
MARKETING,O
goods,O
specified,O
in,O
this,O
Tax,O
Invoice,O
is,O
made,O
by,O
melus,O
and,O
that,O
the,O
transactions,O
of,O
sales,O
covered,O
by,O
this,O
Tax,O
Invoice,O
has,O
been,O
effected,O
by,O
sale,O
has,O
been,O
paid,O
or,O
shall,O
be,O
paid,O
.,O
Authorised,O
Signatory,O
SUBJECT,O
TO,O
PUNE,O
JURISDICTION,O
NGE,O
This,O
is,O
a,O
Computer,O
Generated,O
Invoice,O
