Text,Tag
SUBJECT,O
TO,O
PUNE,O
JURISDICTION,O
Dated,B-INV_DL
02-Nov-17,B-INV_DT
Joice,B-INV_L
No,I-INV_L
.,I-INV_L
05041/17,B-INV_NO
-,I-INV_NO
18,I-INV_NO
/,I-INV_NO
GST,I-INV_NO
Ref,O
.,O
No,O
.,O
SHAH,B-SUPP_N
MARKETING,I-SUPP_N
Shop,O
No.6,O
Llyods,O
Chamber,O
Barne,O
Road,O
409,O
Mangalwar,O
Peth,O
Pune,O
GSTIN,B-GSTL
/,I-GSTL
UIN,I-GSTL
:,O
27ADXPS3921J1ZT,B-SUPP_G
State,O
Name,O
:,O
Maharashtra,O
Code,O
:,O
27,O
Contact,O
:,O
20,O
-,O
-,O
26052747,O
E,O
-,O
Mail,O
:,O
shahmarketing4@gmail.com,O
TAX,O
INVOICE,O
P.O.NO,O
-,O
11437,O
Female,O
PURCHASE,O
B.424,O
2,O
elulla,O
De,O
per,O
Disc,O
.,O
%,O
Amount,O
0,O
.,O
Party,O
:,O
SIDDHARTH,B-BUY_N
PROPERTIES,I-BUY_N
-,O
S.B.,O
Road,O
SITE-,O
"""",O
SKY,O
BAY,O
"""",O
Sr,O
No,O
60/1,O
Mouze,O
Mhalunge,O
Tal,O
-,O
Mulshi,O
Dist,O
-,O
Pune,O
8308846229/9689921859,O
PO,O
No-11355,O
GSTIN,B-GSTL
/,I-GSTL
UIN,I-GSTL
:,O
27AAZFS3607C1ZY,B-BUY_G
State,O
Name,O
:,O
Maharashtra,O
Code,O
:,O
27,O
Place,O
of,O
Supply,O
:,O
Maharashtra,O
Contact,O
Person,O
:,O
Mr.,O
Thube,O
/,O
Mane,O
Contact,O
:,O
8308824752,O
E,O
-,O
Mail,O
:,O
nilesh.mane@saarrthigroup.co.in,O
Despatch,O
Document,O
No,O
.,O
Delivery,O
Note,O
05041/17,O
-,O
18,O
/,O
GST,O
dt,O
.,O
02-Nov-17,O
Through,O
:,O
IMT,O
909,O
TO,O
MHALUNGE,O
31,O
Description,O
of,O
Goods,O
HSN,O
/,O
SAC,O
GST,O
Quantity,O
Rate,O
Rate,O
1,O
CPVC,O
SOCKET,O
01-Feb,O
"""",O
(,O
AJAY,O
),O
3917,O
18,O
%,O
56,O
Nos,O
.,O
10.9,O
Nos,O
.,O
2,O
CPVC,O
SDR-11,O
PIPE,O
"1/2""X3MTR",O
(,O
AJAY,O
),O
3917,O
18,O
%,O
256,O
Nos,O
.,O
237.7,O
Nos,O
.,O
3,O
CPVC,O
F.T.A,O
BRASS,O
01-Feb,O
"""",O
(,O
AJAY,O
),O
3917,O
18,O
%,O
24,O
Nos,O
.,O
119,O
Nos,O
.,O
4,O
CPVC,O
TEE,O
BRASS,O
01-Feb,O
"""",O
(,O
AJAY,O
),O
3917,O
18,O
%,O
32,O
Nos,O
.,O
74.3,O
Nos,O
.,O
5,O
CPVC,O
ELBOW,O
1,O
"""",O
90DEG,O
(,O
AJAY,O
),O
3917,O
18,O
%,O
16,O
Nos,O
.,O
32.5,O
Nos,O
.,O
6,O
CPVC,O
END,O
CAP,O
1,O
"""",O
(,O
AJAY,O
),O
3917,O
18,O
%,O
8,O
Nos,O
.,O
X,O
18.4,O
Nos,O
.,O
7,O
CPVC,O
BUSHING,O
"1""X",O
01-Feb,O
"""",O
(,O
AJAY,O
),O
3917,O
18,O
%,O
16,O
Nos,O
.,O
23.1,O
Nos,O
.,O
8,O
CPVC,O
R.,O
TEE,O
"1""X1/2",O
"""",O
(,O
AJAY,O
),O
.,O
3917,O
18,O
%,O
8,O
Nos,O
.,O
66.8,O
Nos,O
.,O
9,O
CPVC,O
SDR-11,O
PIPE,O
"1""X3MTR",O
(,O
AJAY,O
),O
3917,O
18,O
%,O
8,O
Nos,O
.,O
528.6,O
Nos,O
.,O
10,O
CPVC,O
TEE,O
1,O
"""",O
(,O
AJAY,O
),O
3917,O
18,O
%,O
8,O
Nos,O
.,O
40.6,O
Nos,O
.,O
11,O
UPVC,O
END,O
CAP,O
1,O
01-Apr,O
"""",O
Sch-80,O
(,O
AJAY,O
),O
3917,O
18,O
%,O
56,O
Nos,O
.,O
23.3,O
Nos,O
.,O
12,O
UPVC,O
TEE,O
1,O
01-Apr,O
"""",O
Sch-80,O
(,O
AJAY,O
),O
3917,O
18,O
%,O
8,O
Nos,O
.,O
62.5,O
Nos,O
.,O
13,O
CPVC,O
F.T.A,O
BRASS,O
"3/4""X",O
01-Feb,O
"""",O
(,O
AJAY,O
),O
3917,O
18,O
%,O
18,O
Nos,O
.,O
83.1,O
Nos,O
.,O
14,O
CPVC,O
M.T.A,O
BRASS,O
03-Apr,O
"""",O
(,O
AJAY,O
),O
3917,O
18,O
%,O
48,O
Nos,O
.,O
161.8,O
Nos,O
.,O
15,O
Cpvc,O
Tee,O
Brass,O
"3/4""x",O
01-Feb,O
"""",O
(,O
Ajay,O
),O
3917,O
18,O
%,O
24,O
Nos,O
.,O
73.52,O
Nos,O
.,O
16,O
CPVC,O
ELBOW,O
1,O
01-Apr,O
"""",O
90DEG,O
(,O
AJAY,O
),O
3917,O
18,O
%,O
12,O
Nos,O
.,O
71.1,O
Nos,O
.,O
17,O
CPVC,O
END,O
CAP,O
1,O
01-Apr,O
"""",O
(,O
AJAY,O
),O
3917,O
18,O
%,O
6,O
Nos,O
.,O
39,O
Nos,O
.,O
18,O
CPVC,O
SDR-11,O
PIPE,O
"3/4""X3MTR",O
(,O
AJAY,O
),O
3917,O
18,O
%,O
192,O
Nos,O
.,O
321.6,O
Nos,O
.,O
19,O
Cpvc,O
Sdr-11,O
Pipe,O
1,O
"1/4""X3mtr",O
(,O
Ajay,O
),O
3917,O
18,O
%,O
6,O
Nos,O
.,O
O,O
832.2,O
Nos,O
.,O
20,O
CPVC,O
ELBOW,O
03-Apr,O
"""",O
90DEG,O
(,O
AJAY,O
),O
3917,O
18,O
%,O
588,O
Nos,O
.,O
16.2,O
Nos,O
.,O
21,O
CPVC,O
TEE,O
03-Apr,O
"""",O
(,O
AJAY,O
),O
3917,O
18,O
%,O
192,O
Nos,O
.,O
25.9,O
Nos,O
.,O
22,O
CPVC,O
R.,O
TEE,O
1,O
"1/4""X",O
01-Feb,O
"""",O
(,O
AJAY,O
),O
3917,O
18,O
%,O
6,O
NOSA,O
D,O
120,O
.,O
Nos,O
.,O
23,O
CPVC,O
SOCKET,O
03-Apr,O
"""",O
(,O
AJAY,O
),O
3917,O
18,O
%,O
42,O
Nos,O
.,O
12.9,O
Nos,O
.,O
24,O
CPVC,O
TEE,O
1,O
01-Apr,O
"""",O
(,O
AJAY,O
),O
3917,O
18,O
%,O
6,O
Nos,O
:,O
91.7,O
Nos,O
.,O
25,O
SUPERGRIP,O
RUBER,O
LUBRICANT,O
500GM,O
3403,O
28,O
%,O
1,O
6,O
TIN,O
79,O
TIN,O
26,O
SUPERGRIP,O
PVC,O
500,O
ML,O
TIN,O
35061000,O
18,O
%,O
28,O
TIN,O
128,O
TIN,O
27,O
CPVC,O
BUSHING,O
1,O
"1/4""X",O
01-Feb,O
"""",O
(,O
AJAY,O
),O
3917,O
18,O
%,O
12,O
Noss,O
.,O
45.1,O
Nos,O
.,O
28,O
UPVC,O
M.T.A,O
BRASS,O
1,O
01-Apr,O
"""",O
SCH-80,O
(,O
AJAY,O
),O
3917,O
18,O
%,O
56,O
Nos,O
.,O
304.5,O
Nos,O
.,O
29/,O
UPVC,O
M.T.A.,O
BRASS,O
1,O
01-Feb,O
"""",O
(,O
AJAY,O
),O
3917,O
18,O
%,O
42,O
Nosut,O
517.1,O
Nos,O
.,O
30,O
UPVC,O
Elbow,O
1,O
01-Apr,O
"""",O
90Deg,O
Sch-80,O
(,O
Ajay,O
),O
3917,O
18,O
%,O
42,O
Nos,O
.,O
48.8,O
Nos,O
.,O
31,O
/,O
Upvc,O
Elbow,O
1,O
01-Feb,O
"""",O
90,O
Deg,O
Sch-80,O
(,O
Ajay,O
),O
3917,O
18,O
%,O
224,O
Nossy,O
64.7,O
Nos,O
.,O
324,O
UPVC,O
Elbow,O
1,O
01-Apr,O
"""",O
90,O
Deg,O
Sch-80,O
(,O
Ajay,O
),O
3917,O
18,O
%,O
174,O
Nos,O
.,O
48.8,O
Nos,O
.,O
334,O
UPVC,O
TEE,O
1,O
01-Feb,O
"""",O
Sch-80,O
(,O
AJAY,O
),O
3917,O
18,O
%,O
6,O
Nos,O
.,O
87.3,O
.,O
Nos,O
.,O
346Upvc,O
Sch-80,O
Pipe,O
"3/4""x3mtr",O
(,O
Ajay,O
),O
3917,O
18,O
%,O
169,O
Nos,O
.,O
321.6,O
Nos,O
.,O
35,O
G.M.,O
BALLVALVE,O
01-Feb,O
"""",O
8481,O
18,O
%,O
49,O
Nos,O
.,O
319,O
Nos,O
.,O
36,O
G.M.,O
BALLVALVE,O
03-Apr,O
"""",O
8481,O
18,O
%,O
11,O
Nos,O
.,O
441,O
Nos,O
.,O
54,O
%,O
54,O
%,O
54,O
%,O
54,O
%,O
54,O
%,O
54,O
%,O
54,O
%,O
54,O
%,O
54,O
%,O
54,O
%,O
54,O
%,O
54,O
%,O
54,O
%,O
54,O
%,O
54,O
%,O
54,O
%,O
54,O
%,O
54,O
%,O
54,O
%,O
54,O
%,O
54,O
%,O
54,O
%,O
54,O
%,O
54,O
%,O
280.78,O
239.2,O
67.71N,O
170.02,O
245.82,O
149.41,O
600.21,O
230,O
688.07,O
811.66,O
392.47,O
107.64,O
331.2,O
249.23,O
253.09,O
474,O
54,O
%,O
54,O
%,O
54,O
%,O
54,O
%,O
54,O
%,O
54,O
%,O
54,O
%,O
54,O
%,O
25,O
%,O
25,O
%,O
B,O
SGST,O
RECEIVED,O
SITE,O
NAME,O
:,O
Sky,O
bay,O
name,O
DATE,O
:,O
2112117,O
P.0.-,O
11437,O
CGST,O
C.NO,O
138421112,O
