Text,Tag
GST,O
INVOICE,O
OVORIGINAL,O
FOR,O
RECIPIENT,O
),O
Invoice,B-INV_L
No,I-INV_L
.,I-INV_L
e,O
-,O
Way,O
Bill,O
No,O
.,O
Dated,B-INV_DL
SN/19,B-INV_NO
-,I-INV_NO
20/005658,I-INV_NO
18-Nov-19,B-INV_DT
Delivery,O
Note,O
Mode,O
/,O
Terms,O
of,O
Payment,O
SHAH,B-SUPP_N
MARKETING,I-SUPP_N
Shop,O
No.8,O
Llyods,O
Chamber,O
Barne,O
Road,O
409,O
Mangalwar,O
Peth,O
Pune,O
GSTIN,B-GSTL
/,I-GSTL
UIN,I-GSTL
:,O
27,B-SUPP_G
ADXPS3921J1ZT,I-SUPP_G
State,O
Name,O
:,O
Maharashtra,O
Code,O
:,O
27,O
Contact,O
:,O
20,O
-,O
-,O
26052747,O
E,O
-,O
Mail,O
:,O
shahmarketing4@gmail.com,O
Buyer,O
SIDDHARTH,B-BUY_N
PROPERTIES,I-BUY_N
GEETAI,O
FLOOR,O
PAUD,O
ROAD,O
NEAR,O
RELIANCE,O
FRESH,O
PUNE,O
.,O
GSTIN,B-GSTL
/,I-GSTL
UIN,I-GSTL
:,O
27AAZFS3607C1ZY,B-BUY_G
State,O
Name,O
:,O
Maharashtra,O
Code,O
:,O
27,O
mm,O
Ret,O
9282,O
Supplier,O
's,O
Ref,O
.,O
Other,O
Reference(s,O
),O
QUOTATION2106,O
Buyer,O
's,O
Order,O
No,O
.,O
Dated,O
QUOTATION2106,O
09-Oct-19,O
Despatch,O
Document,O
No,O
.,O
Delivery,O
Note,O
Date,O
Despatched,O
through,O
Destination,O
Contact,O
person,O
:,O
Mr.,O
Thube,O
/,O
Mane,O
Contact,O
:,O
8308824752,O
E,O
-,O
Mail,O
:,O
nilesh.mane@saarrthigroup.co.in,O
Terms,O
of,O
Delivery,O
SKY,O
BAY,O
SR,O
MAHALUNGE,O
PO-13600.(9552541121/9689921859,O
),O
Skybay,O
SI,O
Description,O
of,O
Goods,O
HSN,O
/,O
SAC,O
GST,O
Quantity,O
Rate,O
Rate,O
per,O
Disc,O
.,O
%,O
Amount,O
AJAY,O
PVC,O
PIPE,O
B,O
-,O
TYPE11,O
OMMX1OFT,O
SIS,O
3917,O
18,O
%,O
150,O
Nos,O
.,O
Nos,O
.,O
60,O
%,O
CGST,O
SGST,O
(,O
-)0.20,O
Less,O
:,O
Round,O
Off,O
po-13709,O
glo,O
Omon,O
19110112,O
Total,B-GT_AMTL
150,O
Nos,O
.,O
"96,217",B-GT_AMT
ount,O
Chargeable,O
(,O
in,O
words,O
),O
E.,O
&,O
O.E,O
ndian,O
Rupees,O
Ninety,O
Six,O
Thousand,O
Two,O
Hundred,O
Seventeen,O
Only,O
HSN,O
/,O
SAC,O
Taxable,O
Central,O
Tax,O
State,O
Tax,O
Total,O
Value,O
Rate,O
Amount,O
Rate,O
Amount,O
Tax,O
Amount,O
3917,O
Tax,O
Amount,O
(,O
in,O
words,O
),O
:,O
Indian,O
Rupees,O
Fourteen,O
Thousand,O
Six,O
Hundred,O
Seventy,O
Seven,O
and,O
Twenty,O
paise,O
Only,O
Company,O
's,O
Bank,O
Details,O
Company,O
's,O
PAN,O
:,O
ADXPS3921J,O
Bank,O
Name,O
:,O
KOTAK,O
MAHINDRA,O
BANK,O
Declaration,O
A,O
/,O
c,O
No,O
.,O
:,O
571131,O
2022,O
I/,O
We,O
hereby,O
certify,O
that,O
my,O
/,O
our,O
registration,O
Branch,O
&,O
IFS,O
Code,O
:,O
Khadki,O
&,O
KKBKOO00727,O
certificate,O
under,O
the,O
GST,O
Act-2017,O
is,O
in,O
for,O
SHAH,O
MARKETING,O
force,O
on,O
the,O
date,O
on,O
which,O
the,O
sale,O
of,O
the,O
goods,O
specified,O
in,O
this,O
Tax,O
Invoice,O
is,O
made,O
by,O
melus,O
and,O
that,O
the,O
transactions,O
of,O
sales,O
covered,O
by,O
this,O
Tax,O
Invoice,O
has,O
been,O
effected,O
by,O
sal,O
e,O
has,O
been,O
paid,O
or,O
shall,O
be,O
paid,O
.,O
Authorised,O
Signatory,O
SUBJECT,O
TO,O
PUNE,O
JURISDICTION,O
KORRY,O
This,O
is,O
a,O
Computer,O
Generated,O
Invoice,O
+,O
