Text,Tag
GST,O
INVOICE,O
(,O
ORIGINAL,O
FOR,O
RECIPIENT,O
),O
de,O
cas,O
Invoice,B-INV_L
No,I-INV_L
.,I-INV_L
SM/19,B-INV_NO
-,I-INV_NO
20/005758,I-INV_NO
Delivery,O
Note,O
e,O
-,O
Way,O
Bill,O
No,O
.,O
Dated,B-INV_DL
2.21E+11,O
25-Nov-19,B-INV_DT
Mode,O
/,O
Terms,O
of,O
Payment,O
Other,O
Reference(s,O
),O
SHAH,B-SUPP_N
MARKETING,I-SUPP_N
(,O
MANGALWAR,O
PETH,O
),O
Shop,O
No.6,O
Llyods,O
Chamber,O
Barne,O
Road,O
409,O
Mangalwar,O
Peth,O
Pune,O
GSTIN,B-GSTL
/,I-GSTL
UIN,I-GSTL
:,O
27ADXPS3921J1ZT,B-SUPP_G
State,O
Name,O
:,O
Maharashtra,O
Code,O
:,O
27,O
Contact,O
:,O
20,O
-,O
-,O
26052747,O
E,O
-,O
Mail,O
:,O
shahmarketing4@gmail.com,O
Buyer,O
SIDDHARTH,B-BUY_N
PROPERTIES,I-BUY_N
GEETAI,O
FLOOR,O
PAUD,O
ROAD,O
NEAR,O
RELIANCE,O
FRESH,O
PUNE,O
.,O
GSTIN,B-GSTL
/,I-GSTL
UIN,I-GSTL
:,O
27AAZFS3607C1ZY,B-BUY_G
State,O
Name,O
:,O
Maharashtra,O
Code,O
:,O
27,O
Supplier,O
's,O
Ref,O
.,O
QUOTATION2466,O
Buyer,O
's,O
Order,O
No,O
.,O
QUOTATION2466,O
Despatch,O
Document,O
No,O
.,O
Dated,O
14-Nov-19,O
Delivery,O
Note,O
Date,O
Despatched,O
through,O
Destination,O
Terms,O
of,O
Delivery,O
SHIMMER,O
N,O
SHINE,O
HINGNE,O
KHURD,O
Opp,O
.,O
SANTOSH,O
HALL,O
SINHGAD,O
RD,O
Po-13691(SANDESH-9764119884,O
),O
Contact,O
person,O
Contact,O
E,O
-,O
Mail,O
:,O
Mr.,O
Thube,O
/,O
Mane,O
8308824752,O
:,O
nilesh.mane@saarrthigroup.co.in,O
Description,O
of,O
Goods,O
HSN,O
/,O
SAC,O
Quantity,O
Rate,O
Amount,O
per,O
Disc,O
.,O
%,O
SI,O
No,O
.,O
GST,O
Rate,O
1,O
AJAY,O
PVC,O
PIPE,O
B,O
-,O
TYPE,O
75MMX4FT,O
DIS,O
2,O
AJAY,O
PVC,O
PIPE,O
B,O
-,O
TYPE,O
110MMX4FT,O
DIS,O
3,O
AJAY,O
PVC,O
PLAIN,O
S,O
/,O
Y,O
75MM,O
AJAY,O
PVC,O
PLUG,O
BEND,O
110MM,O
AJAY,O
PVC,O
VENT,O
COWEL,O
75,O
MM,O
6,O
AJAY,O
PVC,O
VENT,O
COWEL,O
110MM,O
7,O
Gi,O
U,O
Bolt,O
with,O
Nut,O
&,O
Washer,O
1,O
"""",O
(,O
01-Apr,O
),O
8,O
Gi,O
U,O
Bolt,O
with,O
Nut,O
&,O
Washer,O
1,O
01-Feb,O
"""",O
(,O
May-16,O
),O
9,O
Gi,O
U,O
Bolt,O
with,O
Nut,O
&,O
Washer,O
1,O
01-Apr,O
"""",O
(,O
May-16,O
),O
10,O
Gi,O
U,O
Bolt,O
with,O
Nut,O
&,O
Washer,O
01-Feb,O
"""",O
(,O
01-Apr,O
),O
11,O
Gi,O
U,O
Bolt,O
with,O
Nut,O
&,O
Washer,O
2,O
"""",O
(,O
May-16,O
),O
12,O
Gi,O
U,O
Bolt,O
with,O
Nut,O
&,O
Washer,O
3,O
"""",O
(,O
May-16,O
),O
13,O
Gi,O
U,O
Bolt,O
with,O
Nut,O
&,O
Washerer,O
03-Apr,O
"""",O
(,O
01-Apr,O
),O
14,O
AJAY,O
PVC,O
PIPE,O
B,O
-,O
TYPE110MMX10FT,O
SIS,O
15,O
AJAY,O
PVC,O
PIPE,O
B,O
-,O
TYPE,O
75MMX10FT,O
SIS,O
16,O
AJAY,O
PVC,O
END,O
CAP,O
75MM(AGRI,O
),O
17,O
AJAY,O
PVC,O
SHOE,O
45DEG,O
75MM,O
18,O
E,O
-,O
Z,O
WELD,O
216,O
UPVC,O
INDUSTRIAL,O
SOLVENT,O
CEMENT,O
473,O
ML,O
19,O
UPVC,O
Elbow,O
1,O
01-Apr,O
"""",O
90,O
Deg,O
Sch-80,O
(,O
Ajay,O
),O
20,O
Upvc,O
Elbow,O
1,O
01-Feb,O
"""",O
90,O
Deg,O
Sch-80,O
(,O
Ajay,O
),O
21,O
UPVC,O
ELBOW,O
2,O
"""",O
90,O
DEG,O
SCH-80,O
(,O
AJAY,O
),O
22,O
Upvc,O
Elbow,O
3,O
"""",O
Sch,O
80,O
(,O
Ajay,O
),O
23,O
UPVC,O
TEE,O
01-Feb,O
"""",O
Sch-80,O
(,O
AJAY,O
),O
^,O
UPVC,O
TEE,O
2,O
"""",O
(,O
AJAY,O
),O
UPVC,O
TEE,O
3,O
"""",O
SCH-80,O
(,O
AJAY,O
),O
26,O
UPVC,O
END,O
CAP,O
01-Feb,O
Sch-80,O
(,O
AJAY,O
),O
27,O
UPVC,O
R.,O
Socket,O
"3/4""X",O
01-Feb,O
"""",O
Sch-80,O
(,O
Ajay,O
),O
3917,O
3917,O
3917,O
3917,O
3917,O
3917,O
7318,O
7318,O
7318,O
7318,O
7318,O
7318,O
7318,O
3917,O
3917,O
3917,O
3917,O
3506,O
18,O
%,O
20,O
Nos,O
.,O
18,O
%,O
30,O
Nos,O
.,O
18,O
%,O
56,O
Nos,O
.,O
18,O
%,O
18,O
Nos,O
.,O
18,O
%,O
13,O
Nos,O
.,O
18,O
%,O
13,O
Nos,O
.,O
18,O
%,O
30,O
Nos,O
.,O
18,O
%,O
100,O
Nos,O
.,O
18,O
%,O
60,O
Nos,O
.,O
18,O
%,O
20,O
Nos,O
.,O
18,O
%,O
260,O
Nos,O
.,O
18,O
%,O
200,O
Nos,O
.,O
18,O
%,O
25,O
Nos,O
.,O
18,O
%,O
170,O
Nos,O
.,O
18,O
%,O
120,O
Nos,O
.,O
18,O
%,O
56,O
Nos,O
.,O
18,O
%,O
33,O
Nos,O
.,O
18,O
%,O
80,O
Nos,O
.,O
421,O
Nos,O
.,O
638,O
Nos,O
.,O
163,O
Nos,O
.,O
220,O
Nos,O
.,O
40,O
Nos,O
.,O
45,O
Nos,O
.,O
6,O
Nos,O
.,O
10.5,O
Nos,O
.,O
9.5,O
Nos,O
.,O
4.5,O
Nos,O
.,O
11.5,O
Nos,O
.,O
15.5,O
Nos,O
.,O
5,O
Nos,O
.,O
Nos,O
.,O
870,O
Nos,O
.,O
52,O
Nos,O
.,O
101,O
Nos,O
.,O
550,O
Nos,O
.,O
60,O
%,O
60,O
%,O
609,O
60,O
%,O
60,O
%,O
60,O
%,O
30,O
%,O
30,O
%,O
30,O
%,O
30,O
%,O
30,O
%,O
30,O
%,O
30,O
%,O
60,O
%,O
60,O
%,O
60,O
%,O
60,O
%,O
40,O
%,O
208,O
234,O
126,O
735,O
399,O
63,O
3917,O
3917,O
3917,O
3917,O
3917,O
3917,O
3917,O
3917,O
3917,O
18,O
%,O
7,O
Nos,O
.,O
18,O
%,O
10,O
Nos,O
.,O
18,O
%,O
95,O
Nos,O
.,O
18,O
%,O
95,O
Nos,O
.,O
18,O
%,O
17,O
Nos,O
.,O
18,O
%,O
5,O
Nos,O
.,O
18,O
%,O
5,O
Nos,O
.,O
18,O
%,O
13,O
Nos,O
.,O
18,O
%,O
13,O
Nos,O
.,O
51.7,O
LNOS,O
.,O
68.7,O
Nos,O
.,O
102,O
Nos,O
.,O
350.7,O
Nos,O
.,O
18.2,O
Nos,O
.,O
141.2,O
Nos,O
.,O
448.9,O
Nos,O
.,O
7.2,O
Nos,O
.,O
13.6,O
Nos,O
.,O
60,O
%,O
60,O
%,O
60,O
%,O
60,O
%,O
60,O
%,O
60,O
%,O
60,O
%,O
60,O
%,O
60,O
%,O
144.76,O
274.8,O
123.76,O
282.4,O
897.8,O
37.44,O
70.72,O
continued,O
...,O
1,O
SITE,O
NAME,O
:,O
Shimmer,O
N,O
Shine,O
RECEIVED,O
SIGN:-,O
©,O
MARKET,O
DATE,O
:,O
S112,O
lig,O
P.O.:-,O
13691,O
GRN,O
:,O
SHAH,O
CN,O
:,O
Pune,O
SUBJECT,O
TO,O
PUNE,O
JURISDICTION,O
This,O
is,O
a,O
Computer,O
Generated,O
Invoice,O
