Text,Tag
GST,O
INVOICE(Page,O
3,O
),O
(,O
ORIGINAL,O
FOR,O
RECIPIENT,O
),O
M,O
Invoice,B-INV_L
No,I-INV_L
.,I-INV_L
SM/19,B-INV_NO
-,I-INV_NO
20/005758,I-INV_NO
Delivery,O
Note,O
e,O
-,O
Way,O
Bill,O
No,O
.,O
Dated,B-INV_DL
2.21159E+11,O
25-Nov-19,B-INV_DT
Mode,O
/,O
Terms,O
of,O
Payment,O
Other,O
Reference(s,O
),O
SHAH,B-SUPP_N
MARKETING,I-SUPP_N
(,O
MANGALWAR,O
PETH,O
),O
Shop,O
No.6,O
Llyods,O
Chamber,O
Barne,O
Road,O
409,O
Mangalwar,O
Peth,O
Pune,O
GSTIN,B-GSTL
/,I-GSTL
UIN,I-GSTL
:,O
27ADXPS3921J1ZT,B-SUPP_G
State,O
Name,O
:,O
Maharashtra,O
Code,O
:,O
27,O
Contact,O
:,O
20,O
-,O
-,O
26052747,O
E,O
-,O
Mail,O
:,O
shahmarketing4@gmail.com,O
Buyer,O
SIDDHARTH,B-BUY_N
PROPERTIES,I-BUY_N
GEETAI,O
SANKUL,O
2ND,O
FLOOR,O
PAUD,O
ROAD,O
NEAR,O
RELIANCE,O
FRESH,O
PUNE,O
.,O
GSTIN,B-GSTL
/,I-GSTL
UIN,I-GSTL
:,O
27AAZFS3607C1ZY,B-BUY_G
State,O
Name,O
:,O
Maharashtra,O
Code,O
:,O
27,O
Supplier,O
's,O
Ref,O
.,O
QUOTATION2466,O
Buyer,O
's,O
Order,O
No,O
.,O
QUOTATION2466,O
Despatch,O
Document,O
No,O
.,O
Dated,O
14-Nov-19,O
Delivery,O
Note,O
Date,O
Despatched,O
through,O
Destination,O
Terms,O
of,O
Delivery,O
SHIMMER,O
N,O
SHINE,O
HINGNE,O
KHURD,O
Opp,O
.,O
SANTOSH,O
HALL,O
SINHGAD,O
RD,O
Po-13691(SANDESH-9764119884,O
),O
Contact,O
person,O
Contact,O
E,O
-,O
Mail,O
:,O
Mr.,O
Thube,O
/,O
Mane,O
:,O
8308824752,O
:,O
nilesh.mane@saarrthigroup.co.in,O
SI,O
Description,O
of,O
Goods,O
HSN,O
/,O
SAC,O
Quantity,O
Rate,O
GST,O
Rate,O
per,O
Disc,O
.,O
%,O
Amount,O
No,O
.,O
3403,O
3917,O
3917,O
3917,O
56,O
SUPERGRIP,O
RUBER,O
LUBRICANT,O
1KG,O
57,O
UPVC,O
ELBOW,O
2,O
01-Feb,O
"""",O
90-DEG,O
Sch-80,O
(,O
AJAY,O
),O
58,O
UPVC,O
END,O
CAP,O
1,O
01-Feb,O
"""",O
Sch-80,O
(,O
AJAY,O
),O
Upvc,O
Sch-80,O
Pipe,O
2,O
"1/2""x3mtr",O
(,O
Ajay,O
),O
UPVC,O
-,O
SCH80,O
-,O
PIPE,O
-,O
1,O
"1/2""x",O
3Mtr,O
(,O
AJAY,O
),O
61,O
UPVC,O
TESTED,O
NON,O
NSF,O
BALLVALVE,O
1,O
-,O
01-Apr,O
"""",O
62,O
UPVC,O
R.,O
TEE,O
1,O
"1/2""X1",O
01-Apr,O
"""",O
Sch-80,O
(,O
AJAY,O
),O
63,O
UPVC,O
NSF,O
BALVALVE,O
21-Feb,O
"""",O
(,O
AJAY,O
),O
64,O
UPVC,O
R.TEE,O
"2""X1",O
01-Apr,O
"""",O
Sch-80,O
(,O
AJAY,O
),O
65,O
UPVC,O
R.,O
Socket,O
"2""X",O
1,O
01-Feb,O
"""",O
Sch-80,O
(,O
Ajay,O
),O
66,O
UPVC,O
SOCKET,O
2,O
01-Feb,O
"""",O
Sch-80,O
(,O
AJAY,O
),O
67,O
Upvc,O
Bushing-2,O
01-Feb,O
"""",O
x,O
2,O
"""",O
Sch80,O
(,O
Ajay,O
),O
68,O
Upvc,O
R.Tee,O
2,O
"1/2""x",O
1.1/4,O
"""",O
Sch-80,O
(,O
Ajay,O
),O
69,O
Gi,O
U,O
Bolt,O
with,O
Nut,O
&,O
Washer,O
2,O
01-Feb,O
"""",O
(,O
May-16,O
),O
70,O
G.I.,O
PIPE,O
C,O
-,O
CLASS,O
1,O
"""",O
18,O
%,O
1,O
2,O
TIN,O
130,O
TIN,O
18,O
%,O
52,O
Nos,O
.,O
239.9,O
Nos,O
.,O
18,O
%,O
13,O
Nos,O
.,O
33.2,O
Nos,O
.,O
18,O
%,O
26,O
Nos,O
.,O
Nos,O
.,O
18,O
%,O
17,O
Nos,O
.,O
804.9,O
Nos,O
.,O
18,O
%,O
60,O
Nos,O
.,O
256,O
Nos,O
.,O
18,O
%,O
17,O
Nos,O
.,O
98.5,O
Nos,O
.,O
18,O
%,O
13,O
Nos,O
.,O
Nos,O
.,O
18,O
%,O
26,O
Nos,O
.,O
142.7,O
Nos,O
.,O
18,O
%,O
13,O
Nos,O
.,O
70.6,O
Nos,O
.,O
18,O
%,O
13,O
Nos,O
.,O
148.1,O
Nos,O
.,O
18,O
%,O
13,O
Nos,O
.,O
82.8,O
Nos,O
.,O
18,O
%,O
13,O
Nos,O
.,O
396.9,O
Nos,O
.,O
18,O
%,O
60,O
Nos,O
.,O
13,O
Nos,O
.,O
18,O
%,O
300,O
Fts,O
45,O
Fts,O
60,O
%,O
60,O
%,O
60,O
%,O
60,O
%,O
60,O
%,O
60,O
%,O
60,O
%,O
60,O
%,O
3917,O
3917,O
3917,O
8481,O
3917,O
3917,O
3917,O
3917,O
3917,O
7318,O
7304,O
260,O
367.12,O
770.12,O
430.56,O
60,O
%,O
60,O
%,O
60,O
%,O
60,O
%,O
30,O
%,O
Gst,O
Transport,O
!,O
CGST,O
0.22,O
SGST,O
Round,O
Off,O
20,O
MAREC,O
Total,B-GT_AMTL
"5,93,687",B-GT_AMT
Amount,O
Chargeable,O
(,O
in,O
words,O
),O
E,O
&,O
O.E,O
Indian,O
Rupees,O
Five,O
Lakh,O
Ninety,O
Three,O
Thousand,O
Six,O
Hundred,O
Eighty,O
Seven,O
Only,O
Company,O
's,O
Bank,O
Details,O
Company,O
's,O
PAN,O
:,O
ADXPS3921J,O
Bank,O
Name,O
:,O
KOTAK,O
MAHINDRA,O
BANK,O
A,O
/,O
C,O
No,O
.,O
:,O
5711312022,O
Declaration,O
Branch,O
&,O
IFS,O
Code,O
:,O
Khadki,O
&,O
KKBK0000727,O
I,O
/,O
We,O
hereby,O
certify,O
that,O
my,O
/,O
our,O
registration,O
certificate,O
under,O
the,O
GST,O
Act-2017,O
is,O
in,O
force,O
on,O
the,O
date,O
on,O
which,O
the,O
sale,O
of,O
the,O
for,O
SHAH,O
MARKETING,O
(,O
MANGALWAR,O
PETH,O
),O
goods,O
specified,O
in,O
this,O
Tax,O
Invoice,O
is,O
made,O
by,O
me,O
/,O
us,O
and,O
that,O
the,O
transactions,O
of,O
sales,O
covered,O
by,O
this,O
Tax,O
Invoice,O
has,O
been,O
effected,O
by,O
sale,O
has,O
been,O
paid,O
or,O
shall,O
be,O
paid,O
.,O
Authorised,O
Signatory,O
SUBJECT,O
TO,O
PUNE,O
JURISDICTION,O
This,O
is,O
a,O
Computer,O
Generated,O
Invoice,O
tnog,O
