Text,Tag,Col0
TAX,O,
INVOICE,O,
(,O,
ORIGINAL,O,
FOR,O,
RECIPIENT,O,
),O,
Invoice,B-INV_L,
No,I-INV_L,
.,I-INV_L,
Dated,B-INV_DL,
SM/18,B-INV_NO,
-,I-INV_NO,
19/05812,I-INV_NO,
13-Nov-18,B-INV_DT,
Delivery,O,
Note,O,
Mode,O,
/,O,
Terms,O,
of,O,
Payment,O,
SHAH,B-SUPP_N,
MARKETING,I-SUPP_N,
Shop,O,
No.6,O,
Llyods,O,
Chamber,O,
Barne,O,
Road,O,
409,O,
Mangalwar,O,
Peth,O,
Pune,O,
GSTIN,B-GSTL,
/,I-GSTL,
UIN,I-GSTL,
:,O,
27ADXPS3921J1ZT,B-SUPP_G,
State,O,
Name,O,
:,O,
Maharashtra,O,
Code,O,
:,O,
27,O,
Contact,O,
:,O,
20,O,
-,O,
-,O,
26052747,O,
E,O,
-,O,
Mail,O,
:,O,
shahmarketing4@gmail.com,O,
Buyer,O,
SIDDHARTH,B-BUY_N,
PROPERTIES,I-BUY_N,
GEETAI,O,
SANKUL,O,
2ND,O,
FLOOR,O,
PAUD,O,
ROAD,O,
NEAR,O,
RELIANCE,O,
FRESH,O,
PUNE,O,
.,O,
GSTIN,B-GSTL,
/,I-GSTL,
UIN,I-GSTL,
:,O,
27AAZFS3607C1ZY,B-BUY_G,
State,O,
Name,O,
:,O,
Maharashtra,O,
Code,O,
:,O,
27,O,
Supplier,O,
's,O,
Ref,O,
.,O,
Other,O,
Reference(s,O,
),O,
QUOTATION2233,O,
Buyer,O,
's,O,
Order,O,
No,O,
.,O,
Dated,O,
Despatch,O,
Document,O,
No,O,
.,O,
Delivery,O,
Note,O,
Date,O,
Despatched,O,
through,O,
Destination,O,
Contact,O,
person,O,
:,O,
Mr.,O,
Thube,O,
/,O,
Mane,O,
Contact,O,
:,O,
8308824752,O,
E,O,
-,O,
Mail,O,
:,O,
nilesh.mane@saarrthigroup.co.in,O,
Terms,O,
of,O,
Delivery,O,
SKYBAY,O,
Sr,O,
No,O,
60/1,O,
Mouze,O,
Mahalunge,O,
8846229,O,
-,O,
9689921859,O,
Po,O,
No-12475,O,
SI,O,
Description,O,
of,O,
Goods,O,
Rate,O,
HSN,O,
/,O,
SAC,O,
GST,O,
Quantity,O,
Rate,O,
per,O,
Disc,O,
.,O,
%,O,
Amount,O,
1,O,
S.N.RCC,O,
COVER,O,
WIF,O,
"18""X36",O,
"""",O,
F.S.M.D,O,
6810,O,
2,O,
S.N.RCC,O,
GRATING,O,
W,O,
/,O,
F,O,
"24""X24",O,
"""",O,
F.S.M.D.,O,
6810,O,
CGST,O,
18,O,
%,O,
20,O,
set,O,
set,O,
10,O,
%,O,
18,O,
%,O,
6,O,
set,O,
set,O,
10,O,
%,O,
(,O,
-)0.10,O,
SGST,O,
Less,O,
:,O,
Round,O,
Off,O,
ERTIES,O,
PRO,O,
Store,O,
Dept,O,
band,O,
*,O,
SKYBAV,O,
*,O,
SIDDHA,O,
din,O,
cee,O,
Sameer,O,
1s111118,O,
F.,O,
Bu,O,
Total,B-GT_AMTL,
26,O,
set,O,
"36,435",B-GT_AMT,
Amount,O,
Chargeable,O,
(,O,
in,O,
words,O,
),O,
E,O,
&,O,
O.E,O,
Indian,O,
Rupees,O,
Thirty,O,
Six,O,
Thousand,O,
Four,O,
Hundred,O,
Thirty,O,
Five,O,
Only,O,
HSN,O,
/,O,
SAC,O,
Taxable,O,
Central,O,
Tax,O,
State,O,
Tax,O,
Total,O,
Value,O,
Rate,O,
Amount,O,
Rate,O,
Amount,O,
Tax,O,
Amount,O,
6810,O,
Tax,O,
Amount,O,
(,O,
in,O,
words,O,
),O,
:,O,
Indian,O,
Rupees,O,
Five,O,
Thousand,O,
Five,O,
Hundred,O,
Fifty,O,
Seven,O,
and,O,
Ninety,O,
paise,O,
Only,O,
Company,O,
's,O,
Bank,O,
Details,O,
Company,O,
's,O,
PAN,O,
:,O,
ADXPS3921J,O,
Bank,O,
Name,O,
:,O,
KOTAK,O,
MAHINDRA,O,
BANK,O,
Declaration,O,
A,O,
/,O,
C,O,
No,O,
.,O,
:,O,
6711312022,O,
I/,O,
We,O,
hereby,O,
certify,O,
that,O,
my,O,
/,O,
our,O,
registration,O,
Branch,O,
&,O,
IFS,O,
Code,O,
:,O,
Khadki,O,
&,O,
KKBKO000727,O,
certificate,O,
under,O,
the,O,
GST,O,
Act-2017,O,
is,O,
in,O,
for,O,
SHAH,O,
MARKETING,O,
force,O,
on,O,
the,O,
date,O,
on,O,
which,O,
the,O,
sale,O,
of,O,
the,O,
goods,O,
specified,O,
in,O,
this,O,
Tax,O,
Invoice,O,
is,O,
made,O,
by,O,
melus,O,
and,O,
that,O,
the,O,
transactions,O,
of,O,
sales,O,
covered,O,
by,O,
this,O,
Tax,O,
Invoice,O,
has,O,
been,O,
effected,O,
by,O,
sal,O,
e,O,
has,O,
been,O,
paid,O,
or,O,
shall,O,
be,O,
paid,O,
.,O,
Authorised,O,
Signatory,O,
SUBJECT,O,
TO,O,
PUNE,O,
JURISDICTION,O,
This,O,
is,O,
a,O,
Computer,O,
Generated,O,
Invoice,O,
unfort,O,
