Text,Tag
GST,O
INVOICE,O
ck,O
),O
(,O
ORIGINAL,O
FOR,O
RECIPIENT,O
),O
M,O
Invoice,B-INV_L
No,I-INV_L
.,I-INV_L
SM/19,B-INV_NO
-,I-INV_NO
20/005925,I-INV_NO
Delivery,O
Note,O
Dated,B-INV_DL
02-Dec-19,B-INV_DT
Mode,O
/,O
Terms,O
of,O
Payment,O
Supplier,O
's,O
Ref,O
.,O
Other,O
Reference(s,O
),O
SHAH,B-SUPP_N
MARKETING,I-SUPP_N
(,O
MANGALWAR,O
PETH,O
),O
Shop,O
No.6,O
Llyods,O
Chamber,O
Barne,O
Road,O
409,O
Mangalwar,O
Peth,O
Pune,O
GSTIN,B-GSTL
/,I-GSTL
UIN,I-GSTL
:,O
27ADXPS3921J1ZT,B-SUPP_G
State,O
Name,O
:,O
Maharashtra,O
Code,O
:,O
27,O
Contact,O
:,O
20,O
-,O
-,O
26052747,O
E,O
-,O
Mail,O
:,O
shahmarketing4@gmail.com,O
Buyer,O
SIDDHARTH,B-BUY_N
PROPERTIES,I-BUY_N
GEETAI,O
SANKUL,O
2ND,O
FLOOR,O
PAUD,O
ROAD,O
NEAR,O
RELIANCE,O
FRESH,O
PUNE,O
.,O
GSTIN,B-GSTL
/,I-GSTL
UIN,I-GSTL
27AAZFS3607C1ZY,B-BUY_G
State,O
Name,O
:,O
Maharashtra,O
Code,O
:,O
27,O
Buyer,O
's,O
Order,O
No,O
.,O
Dated,O
QUOTATION2641,O
QUOTATION2687,O
26-Nov-19,O
28-Nov-19,O
Despatch,O
Document,O
No,O
.,O
Delivery,O
Note,O
Date,O
Despatched,O
through,O
Destination,O
Terms,O
of,O
Delivery,O
SAARRTHI,O
SWADESH,O
JAMBHUL,O
Nr,O
.,O
KANHE,O
RAILWAY,O
STATION,O
PO-13712(Sandip,O
Wani-9689908624,O
),O
Contact,O
person,O
Contact,O
E,O
-,O
Mail,O
:,O
Mr.,O
Thube,O
/,O
Mane,O
:,O
8308824752,O
:,O
nilesh.mane@saarrthigroup.co.in,O
Description,O
of,O
Goods,O
HSN,O
/,O
SAC,O
Quantity,O
Rate,O
Si,O
No,O
.,O
per,O
Disc,O
.,O
%,O
Amount,O
ht,O
1,O
Upvc,O
Sch-80,O
Pipe,O
"1/2""x",O
3mtr,O
(,O
Ajay,O
),O
2,O
UPVC,O
R.,O
SOCKET,O
1,O
"1/2""X",O
1,O
01-Apr,O
"""",O
Sch-80,O
(,O
AJAY,O
),O
3,O
UPVC,O
R.,O
SOCKET,O
1,O
"1/4""X1",O
"""",O
Sch-80,O
(,O
AJAY,O
),O
4,O
Upvc,O
R.,O
Socket,O
"1""X",O
03-Apr,O
"""",O
Sch-80,O
(,O
Ajay,O
),O
5,O
UPVC,O
R.,O
Socket,O
"2""X",O
1,O
01-Feb,O
"""",O
Sch-80,O
(,O
Ajay,O
),O
6,O
UPVC,O
R.,O
SOCKET,O
1,O
"1/4""X",O
01-Feb,O
"""",O
Sch-80,O
(,O
AJAY,O
),O
7,O
UPVC,O
R.,O
TEE,O
1,O
"1/2""X",O
01-Feb,O
"""",O
Sch-80,O
(,O
AJAY,O
),O
8,O
UPVC,O
R.,O
TEE,O
1,O
"1/4""X",O
01-Feb,O
"""",O
Sch-80,O
(,O
AJAY,O
),O
9,O
UPVC,O
R.,O
TEE,O
1,O
"""",O
X,O
01-Feb,O
"""",O
Sch-80,O
(,O
AJAY,O
),O
10,O
Upvc,O
R.Tee,O
"3/4""x",O
01-Feb,O
"""",O
Sch-80,O
(,O
Ajay,O
),O
11,O
UPVC,O
R.TEE,O
"2""X1",O
01-Apr,O
"""",O
Sch-80,O
(,O
AJAY,O
),O
12,O
UPVC,O
R.,O
TEE,O
1,O
"1/2""X1",O
01-Apr,O
"""",O
Sch-80,O
(,O
AJAY,O
),O
13,O
UPVC,O
END,O
CAP,O
1,O
"""",O
Sch-80,O
(,O
Ajay,O
),O
14,O
UPVC,O
END,O
CAP,O
01-Feb,O
Sch-80,O
(,O
AJAY,O
),O
15,O
Upvc,O
End,O
Cap,O
03-Apr,O
"""",O
Sch-80,O
(,O
Ajay,O
),O
16,O
UPVC,O
SOCKET,O
2,O
"""",O
Sch-80,O
(,O
AJAY,O
),O
17,O
UPVC,O
SOCKET,O
1,O
01-Feb,O
"""",O
SCH-80,O
(,O
AJAY,O
),O
18,O
UPVC,O
SOCKET,O
1,O
01-Apr,O
"""",O
SCH-80,O
(,O
AJAY,O
),O
19,O
UPVC,O
SOCKET,O
1,O
"""",O
SCH-80,O
(,O
AJAY,O
),O
20,O
UPVC,O
SOCKET,O
03-Apr,O
"""",O
Sch-80,O
(,O
AJAY,O
),O
21,O
UPVC,O
SOCKET,O
01-Feb,O
"""",O
SCH-80,O
(,O
AJAY,O
),O
22,O
UPVC,O
TESTED,O
NON,O
NSF,O
BALLVALVE,O
1,O
-,O
01-Apr,O
"""",O
23,O
UPVC,O
Elbow,O
1,O
01-Apr,O
"""",O
90Deg,O
Sch-80,O
(,O
Ajay,O
),O
24,O
Gi,O
U,O
Bolt,O
with,O
Nut,O
&,O
Washer,O
4,O
"""",O
(,O
May-16,O
),O
25,O
Gi,O
U,O
Bolt,O
with,O
Nut,O
&,O
Washer,O
3,O
"""",O
(,O
May-16,O
),O
26,O
Gi,O
U,O
Bolt,O
with,O
Nut,O
&,O
Washer,O
1,O
01-Feb,O
"""",O
(,O
May-16,O
),O
27,O
Gi,O
U,O
Bolt,O
with,O
Nut,O
&,O
Washer,O
1,O
"""",O
(,O
01-Apr,O
),O
28,O
Gi,O
U,O
Bolt,O
with,O
Nut,O
&,O
Washer,O
01-Feb,O
"""",O
(,O
01-Apr,O
),O
3917,O
3917,O
3917,O
3917,O
3917,O
3917,O
3917,O
3917,O
3917,O
3917,O
3917,O
3917,O
3917,O
3917,O
3917,O
3917,O
3917,O
3917,O
3917,O
3917,O
3917,O
3917,O
3917,O
7318,O
7318,O
7318,O
7318,O
7318,O
800,O
Nos,O
.,O
65,O
Nos,O
.,O
65,O
Nos,O
.,O
40,O
Nos,O
.,O
15,O
Nos,O
.,O
10,O
Nos,O
.,O
100,O
Nos,O
.,O
100,O
Nos,O
.,O
180,O
Nos,O
.,O
110,O
Nos,O
.,O
50,O
Nos,O
.,O
60,O
Nos,O
.,O
60,O
Nos,O
.,O
100,O
Nos,O
.,O
30,O
Nos,O
.,O
160,O
Nos,O
.,O
320,O
Nost,O
50,O
Nos,O
320,O
Nos,O
.,O
160,O
Nos,O
.,O
700,O
Nos,O
150,O
Nos,O
.,O
50,O
Nos,O
.,O
500,O
Nos,O
500,O
Nos,O
.,O
300,O
Nos,O
.,O
300,O
Nos,O
.,O
Nos,O
.,O
240.6,O
Nos,O
.,O
43,O
Nos,O
.,O
32.8,O
Nos,O
.,O
20.5,O
Nos,O
.,O
70.6,O
Nos,O
.,O
32.2,O
Nos,O
.,O
84.9,O
Nos,O
.,O
66.2,O
Nos,O
.,O
43.6,O
Nos,O
.,O
25.9,O
Nos,O
.,O
142.7,O
Nos,O
.,O
98.5,O
Nos,O
.,O
15.3,O
Nos,O
.,O
7.2,O
Nos,O
.,O
10.5,O
Nos,O
.,O
62,O
Nos,O
.,O
45.9,O
Nos,O
.,O
34.7,O
Nos,O
.,O
22,O
Nos,O
.,O
14.4,O
Nos,O
.,O
9.4,O
Nos,O
.,O
256,O
Nos,O
.,O
51.7,O
Nos,O
.,O
19,O
Nos,O
.,O
15.5,O
Nos,O
.,O
10.5,O
Nos,O
.,O
8.5,O
Nos,O
.,O
4.5,O
Nos,O
.,O
60,O
%,O
60,O
%,O
60,O
%,O
60,O
%,O
60,O
%,O
60,O
%,O
60,O
%,O
60,O
%,O
60,O
%,O
60,O
%,O
60,O
%,O
60,O
%,O
60,O
%,O
60,O
%,O
60,O
%,O
60,O
%,O
60,O
%,O
60,O
%,O
60,O
%,O
60,O
%,O
60,O
%,O
60,O
%,O
60,O
%,O
30,O
%,O
30,O
%,O
30,O
%,O
30,O
%,O
30,O
852.8,O
328,O
423.6,O
128.8,O
367.2,O
288,O
126,O
INTIM,O
continued,O
...,O
sen,O
SITE,O
NAME,O
:,O
Swadesh,O
RECEIVED,O
DATE:8|1|20,O
Prime,O
13712,O
2136,O
Sit,O
MARTA,O
SHAH,O
SUBJECT,O
TO,O
PUNE,O
JURISDICTION,O
This,O
is,O
a,O
Computer,O
Generated,O
Invoice,O
