Text,Tag
GST,O
INVOICE,O
(,O
ORIGINAL,O
FOR,O
RECIPIENT,O
),O
outly,O
M,O
Invoice,B-INV_L
Wo,I-INV_L
.,I-INV_L
SM/19,B-INV_NO
-,I-INV_NO
20/005942,I-INV_NO
Delivery,O
Note,O
Dated,B-INV_DL
02-Dec-19,B-INV_DT
Mode,O
/,O
Terms,O
of,O
Payment,O
Supplier,O
's,O
Ref,O
.,O
Other,O
Reference(s,O
),O
SHAH,B-SUPP_N
MARKETING,I-SUPP_N
(,O
MANGALWAR,O
PETH,O
),O
Shop,O
No.6,O
Llyods,O
Chamber,O
Barne,O
Road,O
409,O
Mangalwar,O
Peth,O
Pune,O
GSTIN,B-GSTL
/,I-GSTL
UIN,I-GSTL
:,O
27ADXPS3921J1ZT,B-SUPP_G
State,O
Name,O
:,O
Maharashtra,O
Code,O
:,O
27,O
Contact,O
:,O
20,O
-,O
-,O
26052747,O
E,O
-,O
Mail,O
:,O
shahmarketing4@gmail.com,O
Buyer,O
SIDDHARTH,B-BUY_N
PROPERTIES,I-BUY_N
GEETAI,O
SANKUL,O
2ND,O
FLOOR,O
PAUD,O
ROAD,O
NEAR,O
RELIANCE,O
FRESH,O
PUNE,O
.,O
GSTIN,B-GSTL
/,I-GSTL
UIN,I-GSTL
:,O
27AAZFS3607C1ZY,B-BUY_G
State,O
Name,O
:,O
Maharashtra,O
Code,O
:,O
27,O
Buyer,O
's,O
Order,O
No,O
.,O
Dated,O
Despatch,O
Document,O
No,O
.,O
Delivery,O
Note,O
Date,O
Despatched,O
through,O
Destination,O
Terms,O
of,O
Delivery,O
SHIMMERN,O
SHINE,O
HINGNE,O
KHURD,O
Opp,O
.,O
SANTOSH,O
HALL,O
SINHAGAD,O
ROAD,O
PO-13707(SANDESH-9764119884,O
),O
Contact,O
person,O
Contact,O
E,O
-,O
Mail,O
:,O
Mr.,O
Thube,O
/,O
Mane,O
:,O
8308824752,O
:,O
nilesh.mane@saarrthigroup.co.in,O
Description,O
of,O
Goods,O
HSN,O
/,O
SAC,O
Quantity,O
Rate,O
SI,O
No,O
.,O
per,O
Disc,O
.,O
%,O
Amount,O
1,O
S.N.RCC,O
COVER,O
WIF,O
"24""X36",O
"""",O
F.S.M.D.,O
2,O
S.N.RCC,O
GRATING,O
WIF,O
"24""X36",O
"""",O
F.S.M.D.,O
6810,O
6810,O
4,O
set,O
set,O
5,O
set,O
set,O
12,O
%,O
12,O
%,O
ast,O
Transport,O
SGST,O
(,O
-)0.14,O
CGST,O
Less,O
:,O
Round,O
Off,O
SITE,O
NAME,O
:,O
Sinis,O
@,O
RECEIVED,O
DATE,O
:,O
13-12-2019,O
P.O.:-,O
13707,O
home,O
9,O
GRN,O
:,O
CN,O
:,O
Total,B-GT_AMTL
9,O
set,O
*,O
"18,301",B-GT_AMT
Amount,O
Chargeable,O
(,O
in,O
words,O
),O
E.,O
&,O
O.EU,O
Indian,O
Rupees,O
Eighteen,O
Thousand,O
Three,O
Hundred,O
One,O
Only,O
HSN,O
/,O
SAC,O
Taxable,O
Central,O
Tax,O
State,O
Tax,O
Total,O
Value,O
Rate,O
Amount,O
Rate,O
Amount,O
Tax,O
Amount,O
6810,O
Tax,O
Amount,O
(,O
in,O
words,O
),O
:,O
Indian,O
Rupees,O
Two,O
Thousand,O
Seven,O
Hundred,O
Ninety,O
One,O
and,O
Seventy,O
paise,O
Only,O
A,O
MARR,O
Company,O
's,O
Bank,O
Details,O
Company,O
's,O
PAN,O
:,O
ADXPS3921J,O
Bank,O
Name,O
:,O
KOTAK,O
MAHINDRA,O
BANK,O
Declaration,O
A,O
/,O
c,O
No,O
.,O
:,O
5711312022,O
I,O
/,O
We,O
hereby,O
certify,O
that,O
my,O
/,O
our,O
registration,O
certificate,O
under,O
the,O
Branch,O
&,O
IFS,O
Code,O
:,O
Khadki,O
&,O
KKBK0000727,O
GST,O
Act-2017,O
is,O
in,O
force,O
on,O
the,O
date,O
on,O
which,O
the,O
sale,O
of,O
the,O
for,O
SHAH,O
MARKETING,O
(,O
MANGALWAR,O
PETH,O
),O
goods,O
specified,O
in,O
this,O
Tax,O
Invoice,O
is,O
made,O
by,O
melus,O
and,O
that,O
the,O
transactions,O
of,O
sales,O
covered,O
by,O
this,O
Tax,O
Invoice,O
has,O
been,O
effected,O
by,O
sale,O
has,O
been,O
paid,O
or,O
shall,O
be,O
paid,O
.,O
Authorised,O
Signatory,O
tne,O
SUBJECT,O
TO,O
PUNE,O
JURISDICTION,O
This,O
is,O
a,O
Computer,O
Generated,O
Invoice,O
ING,O
