Text,Tag
GST,O
INVOICE(Page,O
2,O
),O
(,O
ORIGINAL,O
FOR,O
RECIPIENT,O
),O
Invoice,B-INV_L
No,I-INV_L
.,I-INV_L
SM/19,B-INV_NO
-,I-INV_NO
20/006205,I-INV_NO
Delivery,O
Note,O
e,O
-,O
Way,O
Bill,O
No,O
.,O
Dated,B-INV_DL
2.41162E+11,O
11-Dec-19,B-INV_DT
Mode,O
/,O
Terms,O
of,O
Payment,O
Other,O
Reference(s,O
),O
SHAH,B-SUPP_N
MARKETING,I-SUPP_N
(,O
MANGALWAR,O
PETH,O
),O
Shop,O
No.6,O
Llyods,O
Chamber,O
Barne,O
Road,O
409,O
Mangalwar,O
Peth,O
Pune,O
GSTIN,B-GSTL
/,I-GSTL
UIN,I-GSTL
:,O
27ADXPS3921J1ZT,B-SUPP_G
State,O
Name,O
:,O
Maharashtra,O
Code,O
:,O
27,O
Contact,O
:,O
20,O
-,O
-,O
26052747,O
E,O
-,O
Mail,O
:,O
shahmarketing4@gmail.com,O
Buyer,O
SIDDHARTH,B-BUY_N
VALUE,I-BUY_N
HOMES,I-BUY_N
LLP,I-BUY_N
GEETAI,O
SANKUL,O
2ND,O
FLOOR,O
PAUD,O
ROAD,O
NEAR,O
RELIANCE,O
FRESH,O
PUNE,O
.,O
GSTIN,B-GSTL
/,I-GSTL
UIN,I-GSTL
:,O
27ACZFS0314C124,B-BUY_G
State,O
Name,O
:,O
Maharashtra,O
Code,O
:,O
27,O
Supplier,O
's,O
Ref,O
.,O
QUOTATION2814,O
Buyer,O
's,O
Order,O
No,O
.,O
QUOTATION2814,O
Despatch,O
Document,O
No,O
.,O
Dated,O
07-Dec-19,O
Delivery,O
Note,O
Date,O
Despatched,O
through,O
Destination,O
Terms,O
of,O
Delivery,O
Contact,O
person,O
Contact,O
E,O
-,O
Mail,O
:,O
NILESH,O
MANE,O
:,O
7350000353,O
:,O
nilesh.m@saarrthigroup.com,O
Description,O
of,O
Goods,O
HSN,O
/,O
SAC,O
Quantity,O
Rate,O
GST,O
Rate,O
per,O
Disc,O
.,O
%,O
Amount,O
SI,O
No,O
.,O
27,O
UPVC,O
SCH-40,O
PIPE,O
"3/4""X3MTR",O
(,O
AJAY,O
),O
3917,O
28,O
UPVC,O
SCH-40,O
PIPE,O
"1""X3MTR",O
(,O
AJAY,O
),O
3917,O
29,O
Upvc,O
Sch-40,O
Pipe,O
1,O
"1/4""X3mtr",O
(,O
Ajay,O
),O
3917,O
30,O
Upvc,O
Sch-40,O
Pipe,O
1,O
"1/2""X3mtr",O
(,O
Ajay,O
),O
3917,O
31,O
UPVC,O
SCH-40,O
PIPE,O
"2""X3MTR",O
(,O
AJAY,O
),O
3917,O
32,O
UPVC,O
SCH-40,O
PIPE,O
2,O
"1/2""X3MTR",O
(,O
AJAY,O
),O
3917,O
33,O
Upvc,O
Sch-40,O
Pipe,O
"3""x",O
3mtr,O
(,O
Ajay,O
),O
3917,O
34,O
Upvc,O
Sch-80,O
Pipe,O
"2""x",O
3mtr,O
(,O
Ajay,O
),O
3917,O
35,O
UPVC,O
R.,O
TEE,O
1,O
"1/2""X",O
01-Feb,O
"""",O
Sch-80,O
(,O
AJAY,O
),O
3917,O
36,O
UPVC,O
SOCKET,O
1,O
01-Feb,O
"""",O
SCH-80,O
(,O
AJAY,O
),O
3917,O
37,O
UPVC,O
R.,O
TEE,O
1,O
"1/2""X1",O
01-Apr,O
"""",O
Sch-80,O
(,O
AJAY,O
),O
3917,O
38,O
UPVC,O
SOCKET,O
2,O
01-Feb,O
"""",O
Sch-80,O
(,O
AJAY,O
),O
3917,O
39,O
UPVC,O
R.,O
SOCKET,O
1,O
"1/2""X",O
1,O
01-Apr,O
"""",O
Sch-80,O
(,O
AJAY,O
),O
3917,O
40,O
UPVC,O
SOCKET,O
2,O
"""",O
Sch-80,O
(,O
AJAY,O
),O
3917,O
41,O
UPVC,O
NSF,O
BALVALVE,O
21-Feb,O
"""",O
(,O
AJAY,O
),O
8481,O
42,O
UPVC,O
SOCKET,O
3,O
"""",O
SCH-80,O
(,O
AJAY,O
),O
3917,O
43,O
UPVC,O
R.,O
SOCKET,O
1,O
"1/4""X1",O
"""",O
Sch-80,O
(,O
AJAY,O
),O
3917,O
44,O
Upvc,O
R.,O
Socket,O
"1""X",O
03-Apr,O
"""",O
Sch-80,O
(,O
Ajay,O
),O
3917,O
45,O
UPVC,O
R.,O
TEE,O
"2""X",O
01-Feb,O
"""",O
Sch-80,O
(,O
AJAY,O
),O
3917,O
46,O
UPVC,O
R.TEE,O
"2""X1",O
01-Apr,O
"""",O
Sch-80,O
(,O
AJAY,O
),O
3917,O
47,O
Upvc,O
R.,O
Tee,O
"2""x",O
1,O
01-Feb,O
"""",O
Sch-80,O
(,O
Ajay,O
),O
3917,O
48,O
Upvc,O
R.,O
Tee,O
"2""x",O
1,O
"""",O
Sch-80,O
(,O
Ajay,O
),O
3917,O
19,O
UPVC,O
SOCKET,O
2,O
01-Feb,O
"""",O
Sch-80,O
(,O
AJAY,O
),O
3917,O
50,O
Upvc,O
Bushing-,O
2,O
01-Feb,O
"""",O
x,O
2,O
"""",O
Sch80,O
(,O
Ajay,O
),O
3917,O
51,O
Upvc,O
R.Tee,O
2,O
"1/2""x",O
1,O
01-Apr,O
"""",O
Sch-80,O
(,O
Ajay,O
),O
3917,O
52,O
Upvc,O
R.,O
Tee,O
3,O
"""",O
x,O
1,O
-,O
01-Apr,O
"""",O
Sch-80,O
(,O
AJAY,O
),O
3917,O
18,O
%,O
80,O
Nos,O
250.5,O
Nos,O
.,O
18,O
%,O
720,O
Nos,O
364.5,O
Nos,O
.,O
18,O
.,O
%,O
275,O
Nos,O
513.3,O
Nos,O
.,O
18,O
%,O
244,O
Nos,O
.,O
588.3,O
Nos,O
.,O
18,O
%,O
290,O
Nos,O
.,O
789.6,O
Nos,O
.,O
18,O
%,O
105,O
Nos,O
Nos,O
.,O
18,O
%,O
104,O
Nos,O
.,O
Nos,O
.,O
18.%T0.00,O
Nos,O
.,O
Nos,O
.,O
18,O
%,O
T00.00,O
Nos,O
82.9,O
Nos,O
.,O
18,O
%,O
20,O
Nos,O
44.8,O
Nos,O
.,O
18,O
%,O
45,O
Nos,O
.,O
96.1,O
Nos,O
.,O
18,O
%,O
50,O
Nos,O
.,O
144.4,O
Nos,O
.,O
18,O
%,O
65,O
Nos,O
.,O
42,O
Nos,O
.,O
18,O
%,O
30,O
Nos,O
.,O
60.5,O
Nos,O
.,O
18,O
%,O
15,O
Nos,O
.,O
Nos,O
.,O
18,O
%,O
80,O
Nos,O
.,O
203.5,O
Nos,O
.,O
18,O
%,O
60,O
Nos,O
.,O
32,O
Nos,O
.,O
18,O
%,O
0,O
60,O
Nos,O
20,O
Nos,O
.,O
18,O
%,O
90,O
Nos,O
133.6,O
Nos,O
.,O
18,O
%,O
84,O
Nos,O
.,O
139.3,O
Nos,O
.,O
18,O
%,O
10,O
Nos,O
149.2,O
Nos,O
.,O
18,O
%,O
10,O
Nos,O
.,O
153.4,O
Nos,O
.,O
18,O
%,O
15,O
Nos,O
144.4,O
Nos,O
.,O
18,O
%,O
Nos,O
.,O
80.8,O
Nos,O
.,O
18,O
%,O
45,O
Nos,O
.,O
387,O
Nos,O
.,O
18,O
%,O
24,O
Nos,O
.,O
556.8,O
Nos,O
.,O
60,O
%,O
60,O
%,O
60,O
%,O
60,O
%,O
60,O
%,O
60,O
%,O
60,O
%,O
60,O
%,O
60,O
%,O
60,O
%,O
60,O
%,O
60,O
%,O
60,O
%,O
60,O
%,O
60,O
%,O
60,O
%,O
60,O
%,O
60,O
%,O
60,O
%,O
60,O
%,O
60,O
%,O
60,O
%,O
60,O
%,O
60,O
%,O
60,O
%,O
537.6,O
596.8,O
613.6,O
866.4,O
484.8,O
60,O
continued,O
MARK,O
SHAH,O
ETING,O
Fine,O
SUBJECT,O
TO,O
PUNE,O
JURISDICTION,O
This,O
is,O
a,O
Computer,O
Generated,O
Invoice,O
