Text,Tag
GST,O
INVOICE,O
(,O
ORIGINAL,O
FOR,O
RECIPIENT,O
),O
M,O
Invoice,B-INV_L
No,I-INV_L
.,I-INV_L
SM/19,B-INV_NO
-,I-INV_NO
20/006263,I-INV_NO
Delivery,O
Note,O
Dated,B-INV_DL
13-Dec-19,B-INV_DT
Mode,O
/,O
Terms,O
of,O
Payment,O
Other,O
Reference(s,O
),O
SHAH,B-SUPP_N
MARKETING,I-SUPP_N
(,O
MANGALWAR,O
PETH,O
),O
Shop,O
No.6,O
Llyods,O
Chamber,O
Barne,O
Road,O
409,O
Mangalwar,O
Peth,O
Pune,O
GSTIN,B-GSTL
/,I-GSTL
UIN,I-GSTL
:,O
27ADXPS3921J1ZT,B-SUPP_G
State,O
Name,O
:,O
Maharashtra,O
Code,O
:,O
27,O
Contact,O
:,O
20,O
-,O
-,O
26052747,O
E,O
-,O
Mail,O
:,O
shahmarketing4@gmail.com,O
Buyer,O
SIDDHARTH,B-BUY_N
PROPERTIES,I-BUY_N
GEETAI,O
FLOOR,O
PAUD,O
ROAD,O
NEAR,O
RELIANCE,O
FRESH,O
PUNE,O
.,O
GSTIN,B-GSTL
/,I-GSTL
UIN,I-GSTL
:,O
27AAZFS3607C1ZY,B-BUY_G
State,O
Name,O
:,O
Maharashtra,O
Code,O
:,O
27,O
Supplier,O
's,O
Ref,O
.,O
QUOTATION2902,O
Buyer,O
's,O
Order,O
No,O
.,O
QUOTATION2902,O
Despatch,O
Document,O
No,O
.,O
Dated,O
12-Dec-19,O
Delivery,O
Note,O
Date,O
Despatched,O
through,O
Destination,O
Terms,O
of,O
Delivery,O
Shimmer,O
and,O
Shines,O
Hingne,O
Khurd,O
Opp,O
Santosh,O
Hall,O
Sinhagad,O
Road,O
PO-13774(Sandesh-9764119884,O
),O
Contact,O
person,O
Contact,O
E,O
-,O
Mail,O
:,O
Mr.,O
Thube,O
/,O
Mane,O
:,O
8308824752,O
:,O
nilesh.mane@saarrthigroup.co.in,O
SI,O
No,O
.,O
Description,O
of,O
Goods,O
HSN,O
/,O
SAC,O
Quantity,O
Rate,O
GST,O
Rate,O
per,O
Disc,O
.,O
%,O
Amount,O
1,O
S.N.,O
RCC,O
COVER,O
W,O
/,O
F,O
"9""X12",O
"""",O
M.S.L.D.,O
6810,O
18,O
%,O
20,O
set,O
249,O
set,O
Transport,O
CGST,O
800,O
5.780.00,O
520.2,O
520.2,O
(,O
-)0.40,O
SGST,O
Less,O
:,O
Round,O
Off,O
SITE,O
NAVE,O
Shimmer,O
in,O
sinRECEIVED,O
SIGN,O
:,O
20,O
set,O
*,O
"6,820",B-GT_AMT
E.,O
&,O
O.,O
E,O
Total,B-GT_AMTL
Amount,O
Chargeable,O
(,O
in,O
words,O
),O
Indian,O
Rupees,O
Six,O
Thousand,O
Eight,O
Hundred,O
Twenty,O
Only,O
HSN,O
/,O
SAC,O
Taxable,O
Value,O
6810,O
Total,O
Central,O
Tax,O
Rate,O
Amount,O
9,O
%,O
520.2,O
520.2,O
State,O
Tax,O
Rate,O
Amount,O
9,O
%,O
520.2,O
520.2,O
F,O
Total,O
Tax,O
Amount,O
Tax,O
Amount,O
(,O
in,O
words,O
),O
:,O
Indian,O
Rupees,O
One,O
Thousand,O
Forty,O
and,O
Forty,O
paise,O
Only,O
RK,O
227,O
Company,O
's,O
Bank,O
Details,O
Company,O
's,O
PAN,O
:,O
ADXPS3921J,O
Bank,O
Name,O
:,O
KOTAK,O
MAHINDRA,O
BANK,O
Declaration,O
Alc,O
No,O
.,O
:,O
5711312022,O
I,O
/,O
We,O
hereby,O
certify,O
that,O
my,O
/,O
our,O
registration,O
certificate,O
under,O
the,O
Branch,O
&,O
IFS,O
Code,O
:,O
Khadki,O
&,O
KKBK0000727,O
GST,O
Act-2017,O
is,O
in,O
force,O
on,O
the,O
date,O
on,O
which,O
the,O
sale,O
of,O
the,O
for,O
SHAH,O
MARKETING,O
(,O
MANGALWAR,O
PETH,O
),O
goods,O
specified,O
in,O
this,O
Tax,O
Invoice,O
is,O
made,O
by,O
me,O
/,O
us,O
and,O
that,O
the,O
transactions,O
of,O
sales,O
covered,O
by,O
this,O
Tax,O
Invoice,O
has,O
been,O
effected,O
by,O
sale,O
has,O
been,O
paid,O
or,O
shall,O
be,O
paid,O
.,O
Authorised,O
Signatory,O
SUBJECT,O
TO,O
PUNE,O
JURISDICTION,O
This,O
is,O
a,O
Computer,O
Generated,O
Invoice,O
