Text,Tag
(,O
ORIGINAL,O
FOR,O
GST,O
INVOICE,O
cl,O
띠,O
Dated,B-INV_DL
16-Dec-19,B-INV_DT
Mode,O
/,O
Terms,O
of,O
Payment,O
Invoice,B-INV_L
No,I-INV_L
.,I-INV_L
SM/19,B-INV_NO
-,I-INV_NO
20/006332,I-INV_NO
Delivery,O
Note,O
N,O
Other,O
Reference(s,O
),O
SHAH,B-SUPP_N
MARKETING,I-SUPP_N
(,O
MANGALWAR,O
PETH,O
),O
Shop,O
No.6,O
Llyods,O
Chamber,O
Barne,O
Road,O
409,O
Mangalwar,O
Peth,O
Pune,O
GSTIN,B-GSTL
/,I-GSTL
UIN,I-GSTL
:,O
27ADXPS3921J1ZT,B-SUPP_G
State,O
Name,O
:,O
Maharashtra,O
Code,O
:,O
27,O
Contact,O
:,O
20,O
-,O
-,O
26052747,O
E,O
-,O
Mail,O
:,O
shahmarketing4@gmail.com,O
Buyer,O
SIDDHARTH,B-BUY_N
PROPERTIES,I-BUY_N
GEETAI,O
SANKUL,O
2ND,O
FLOOR,O
PAUD,O
ROAD,O
NEAR,O
RELIANCE,O
FRESH,O
PUNE,O
.,O
GSTIN,B-GSTL
/,I-GSTL
UIN,I-GSTL
:,O
27AAZFS3607C1ZY,B-BUY_G
State,O
Name,O
:,O
Maharashtra,O
Code,O
:,O
27,O
Supplier,O
's,O
Ref,O
.,O
QUOTATION2597,O
Buyer,O
's,O
Order,O
No,O
.,O
QUOTATION2597,O
Despatch,O
Document,O
No,O
.,O
Dated,O
22-Nov-19,O
Delivery,O
Note,O
Date,O
Destination,O
Despatched,O
through,O
Terms,O
of,O
Delivery,O
SR.NO;-157A,O
/,O
B,O
/,O
TO,O
MRUTUNJAYA,O
MANDIR,O
NEAR,O
KARVE,O
STATUE,O
KARVE,O
ROAD,O
PUNE,O
PO,O
NO;-13702,O
Contact,O
person,O
Contact,O
E,O
-,O
Mail,O
:,O
Mr.,O
Thube,O
/,O
Mane,O
:,O
8308824752,O
:,O
nilesh.mane@saarrthigroup.co.in,O
Rate,O
HSN,O
/,O
SAC,O
Amount,O
Quantity,O
per,O
Disc,O
.,O
%,O
Description,O
of,O
Goods,O
GST,O
Rate,O
SI,O
No,O
.,O
7326,O
3917,O
3917,O
1,O
G.I.,O
VALL,O
BRACKET,O
8,O
"""",O
X,O
3,O
"""",O
2,O
Upvc,O
Bushing-4,O
"""",O
x,O
3,O
"""",O
Sch80,O
(,O
Ajay,O
),O
3,O
AJAY,O
PVC,O
PIPE,O
B,O
-,O
TYPE,O
160MMX10FT,O
SIS,O
18,O
%,O
35,O
Nos,O
18,O
%,O
10,O
Nos,O
.,O
18,O
%,O
32,O
Nos,O
.,O
39.1,O
Nos,O
.,O
206.4,O
Nos,O
.,O
Nos,O
.,O
30,O
%,O
60,O
%,O
60,O
%,O
957.95,O
825.6,O
Gst,O
Transport,O
CGST,O
0.37,O
SGST,O
Round,O
Off,O
SITE,O
NAME,O
:,O
si,O
oQuase,O
RECEIVED,O
SIGN,O
faune,O
DATE,O
:,O
1311119,O
20:-13702,O
GEN,O
2134313,O
Trangpost,O
Total,B-GT_AMTL
77,O
Nos,O
.,O
*,O
"41,432",B-GT_AMT
E,O
&,O
O.,O
E,O
Amount,O
Chargeable,O
(,O
in,O
words,O
),O
Indian,O
Rupees,O
Forty,O
One,O
Thousand,O
Four,O
Hundred,O
Thirty,O
Two,O
Only,O
HSN,O
/,O
SAC,O
Taxable,O
Central,O
Tax,O
Value,O
Rate,O
Amount,O
7326,O
991.85,O
9,O
%,O
89.27,O
3917,O
9,O
%,O
Total,O
State,O
Tax,O
Tota,O
!,O
Rate,O
Amount,O
Tax,O
Amount,O
9,O
%,O
89.27,O
178.54,O
9,O
%,O
Tax,O
Amount,O
(,O
in,O
words,O
),O
:,O
Indian,O
Rupees,O
Six,O
Thousand,O
Three,O
Hundred,O
Twenty,O
and,O
Eight,O
paise,O
Only,O
Branch,O
&,O
IFS,O
Code,O
:,O
Khadki,O
&,O
KKBK0000727,O
MARTA,O
Company,O
's,O
Bank,O
Details,O
Company,O
's,O
PAN,O
:,O
ADXPS3921J,O
Bank,O
Name,O
:,O
KOTAK,O
MAHINDRA,O
BANK,O
Declaration,O
A,O
/,O
c,O
No,O
.,O
:,O
5711312022,O
IWe,O
hereby,O
certify,O
that,O
my,O
/,O
our,O
registration,O
certificate,O
under,O
the,O
GST,O
Act-2017,O
is,O
in,O
force,O
on,O
the,O
date,O
on,O
which,O
the,O
sale,O
of,O
the,O
for,O
SHAH,O
MARKETING,O
(,O
MANGALWAR,O
PETH,O
),O
goods,O
specified,O
in,O
this,O
Tax,O
Invoice,O
is,O
made,O
by,O
melus,O
and,O
that,O
the,O
transactions,O
of,O
sales,O
covered,O
by,O
this,O
Tax,O
Invoice,O
has,O
been,O
effected,O
by,O
sale,O
has,O
been,O
paid,O
or,O
shall,O
be,O
paid,O
.,O
Authorised,O
Signatory,O
SUBJECT,O
TO,O
PUNE,O
JURISDICTION,O
Pune,O
This,O
is,O
a,O
Computer,O
Generated,O
Invoice,O
ING,O
