Text,Tag
TAX,O
INVOICE(Page,O
4,O
),O
Invoice,B-INV_L
No,I-INV_L
.,I-INV_L
SM/18,B-INV_NO
-,I-INV_NO
19/06450,I-INV_NO
Delivery,O
Note,O
e,O
-,O
Way,O
Bill,O
No,O
.,O
Dated,B-INV_DL
2.81063E+11,O
05-Dec-18,B-INV_DT
Mode,O
/,O
Terms,O
of,O
Payment,O
Other,O
Reference(s,O
),O
SHAH,B-SUPP_N
MARKETING,I-SUPP_N
Shop,O
No.6,O
Llyods,O
Chamber,O
Barne,O
Road,O
409,O
Mangalwar,O
Peth,O
Pune,O
GSTIN,B-GSTL
/,I-GSTL
UIN,I-GSTL
:,O
27ADXPS3921J1ZT,B-SUPP_G
State,O
Name,O
:,O
Maharashtra,O
Code,O
:,O
27,O
Contact,O
:,O
20,O
-,O
-,O
26052747,O
E,O
-,O
Mail,O
:,O
shahmarketing4@gmail.com,O
Buyer,O
SIDDHARTH,B-BUY_N
REAL,I-BUY_N
VENTURES,I-BUY_N
LLP,I-BUY_N
Clo,I-BUY_N
Saarthi,I-BUY_N
Off,O
No:-601,O
&,O
TRADE,O
TOWER,O
ICC,O
COMPLEX,O
SENAPATI,O
BAPAT,O
ROAD,O
PUNE,O
GSTIN,B-GSTL
/,I-GSTL
UIN,I-GSTL
:,O
27ACMFS9508B1ZX,B-BUY_G
State,O
Name,O
:,O
Maharashtra,O
Code,O
:,O
27,O
Supplier,O
's,O
Ref,O
.,O
QUOTATION2255,O
Buyer,O
's,O
Order,O
No,O
.,O
QUOTATION2255,O
Despatch,O
Document,O
No,O
.,O
Dated,O
05-Dec-18,O
Delivery,O
Note,O
Date,O
Despatched,O
through,O
Destination,O
Contact,O
person,O
Contact,O
E,O
-,O
Mail,O
Terms,O
of,O
Delivery,O
NAVNAMRATA,O
Sr,O
No:-119/2,O
+,O
Soc,O
Paud,O
Road,O
Kothrud,O
Pune,O
Po,O
No,O
:,O
425,O
:,O
NILASH,O
MANE,O
:,O
20,O
-,O
25633361/32/25635253,O
.,O
:,O
nilesh.mane@saarthigroup.co.in,O
HSN,O
/,O
SAC,O
GST,O
Rate,O
Quantity,O
Rate,O
per,O
Disc,O
.,O
%,O
Amount,O
SI,O
Description,O
of,O
Goods,O
No,O
.,O
75,O
UPVC,O
SOCKET,O
2,O
01-Feb,O
"""",O
Sch-80,O
(,O
AJAY,O
),O
21-Feb,O
"""",O
x,O
11-Feb,O
"""",O
R,O
-,O
Bush,O
3917,O
18,O
%,O
10,O
Nos,O
.,O
261.8,O
Nos,O
.,O
54,O
%,O
0.41,O
Round,O
Off,O
Total,B-GT_AMTL
"3,01,953",B-GT_AMT
Amount,O
Chargeable,O
(,O
in,O
words,O
),O
E.,O
&,O
O.E,O
Indian,O
Rupees,O
Three,O
Lakh,O
One,O
Thousand,O
Nine,O
Hundred,O
Fifty,O
Three,O
Only,O
HSN,O
/,O
SAC,O
Taxable,O
Central,O
Tax,O
State,O
Tax,O
Total,O
Value,O
Rate,O
Amount,O
Rate,O
Amount,O
Tax,O
Amount,O
3917,O
9,O
%,O
9,O
%,O
500.04,O
9,O
%,O
500.04,O
3919,O
450,O
9,O
%,O
40.5,O
9,O
%,O
40.5,O
81,O
7318,O
9,O
%,O
469.8,O
9,O
%,O
469.8,O
939.6,O
Total,O
Tax,O
Amount,O
(,O
in,O
words,O
),O
:,O
Indian,O
Rupees,O
Forty,O
Six,O
Thousand,O
Sixty,O
and,O
Fifty,O
Six,O
paise,O
Only,O
Company,O
's,O
Bank,O
Details,O
Company,O
's,O
PAN,O
:,O
ADXPS3921J,O
Bank,O
Name,O
:,O
KOTAK,O
MAHINDRA,O
BANK,O
Declaration,O
A,O
/,O
c,O
No,O
.,O
:,O
5711312022,O
IMWe,O
hereby,O
certify,O
that,O
my,O
/,O
our,O
registration,O
certificate,O
under,O
the,O
Branch,O
&,O
IFS,O
Code,O
:,O
Khadki,O
&,O
KKBK0000727,O
GST,O
Act-2017,O
is,O
in,O
force,O
on,O
the,O
date,O
on,O
which,O
the,O
sale,O
of,O
the,O
for,O
SHAH,O
MARKETING,O
goods,O
specified,O
in,O
this,O
Tax,O
Invoice,O
is,O
made,O
by,O
me,O
/,O
us,O
and,O
that,O
the,O
transactions,O
of,O
sales,O
covered,O
by,O
this,O
Tax,O
Invoice,O
has,O
been,O
effected,O
by,O
sale,O
has,O
been,O
paid,O
or,O
shall,O
be,O
paid,O
.,O
Authorised,O
Signatory,O
SUBJECT,O
TO,O
PUNE,O
JURISDICTION,O
This,O
is,O
a,O
Computer,O
Generated,O
MARI,O
Pune,O
