Text,Tag
TAX,O
INVOICE,O
Invoice,B-INV_L
No,I-INV_L
.,I-INV_L
SM/18,B-INV_NO
-,I-INV_NO
19/06482,I-INV_NO
Delivery,O
Note,O
Book,O
No,O
.,O
Dated,B-INV_DL
06-Dec-18,B-INV_DT
Mode,O
/,O
Terms,O
of,O
Payment,O
Supplier,O
's,O
Ref,O
.,O
Other,O
Reference(s,O
),O
SHAH,B-SUPP_N
MARKETING,I-SUPP_N
Shop,O
No.6,O
Llyods,O
Chamber,O
Barne,O
Road,O
409,O
Mangalwar,O
Peth,O
Pune,O
GSTIN,B-GSTL
/,I-GSTL
UIN,I-GSTL
:,O
27ADXPS3921J1ZT,B-SUPP_G
State,O
Name,O
:,O
Maharashtra,O
Code,O
:,O
27,O
Contact,O
:,O
20,O
-,O
-,O
26052747,O
E,O
-,O
Mail,O
:,O
shahmarketing4@gmail.com,O
Buye,O
SIDDHARTH,B-BUY_N
PROPERTIES,I-BUY_N
GEETAI,O
FLOOR,O
PAUD,O
ROAD,O
NEAR,O
RELIANCE,O
FRESH,O
PUNE,O
.,O
GSTIN,B-GSTL
/,I-GSTL
UIN,I-GSTL
:,O
27AAZFS3607C1ZY,B-BUY_G
State,O
Name,O
:,O
Maharashtra,O
Code,O
:,O
27,O
Buyer,O
's,O
Order,O
No,O
.,O
Dated,O
Despatch,O
Document,O
No,O
.,O
Delivery,O
Note,O
Date,O
Despatched,O
through,O
Destination,O
Terms,O
of,O
Delivery,O
SKYBAY,O
Po,O
No:-12552,O
8308846229,O
Contact,O
person,O
Contact,O
E,O
-,O
Mail,O
:,O
Mr.,O
Thube,O
/,O
Mane,O
:,O
8308824752,O
:,O
nilesh.mane@saarrthigroup.co.in,O
Description,O
of,O
Goods,O
SI,O
No,O
.,O
HSN,O
/,O
SAC,O
GST,O
Rate,O
Quantity,O
Rate,O
per,O
Disc,O
.,O
%,O
Amount,O
1,O
RCC,O
HAL.F,O
ROUND,O
PIPE,O
6,O
"""",O
X,O
1,O
MTR,O
6810,O
18,O
%,O
200,O
Nos,O
65,O
Nos,O
.,O
CGST,O
Round,O
Off,O
SITE,O
NAME,O
:,O
RECEIVED,O
SIGN,O
:,O
DATE,O
:,O
mail,O
P.O.:-,O
12552,O
Transport,O
200,O
Nos,O
.,O
*,O
"17,110",B-GT_AMT
E.,O
Å,O
O.,O
E,O
Total,B-GT_AMTL
Amount,O
Chargeable,O
(,O
in,O
words,O
),O
Indian,O
Rupees,O
Seventeen,O
Thousand,O
One,O
Hundred,O
Ten,O
Only,O
HSN,O
/,O
SAC,O
Taxable,O
Value,O
6810,O
Central,O
Tax,O
Rate,O
Amount,O
9,O
%,O
State,O
Tax,O
Rate,O
Amount,O
9,O
%,O
Total,O
Tax,O
Amount,O
Tax,O
Amount,O
(,O
in,O
words,O
),O
:,O
Indian,O
Rupees,O
Two,O
Thousand,O
Six,O
Hundred,O
Ten,O
Only,O
Company,O
's,O
Bank,O
Details,O
Company,O
's,O
PAN,O
:,O
ADXPS3921J,O
Bank,O
Name,O
:,O
KOTAK,O
MAHINDRA,O
BANK,O
Declaration,O
Alc,O
No,O
.,O
5711312022,O
I,O
/,O
We,O
hereby,O
certify,O
that,O
my,O
/,O
our,O
registration,O
certificate,O
under,O
the,O
Branch,O
&,O
IFS,O
Code,O
:,O
Khadki,O
&,O
KKBK0000727,O
GST,O
Act-2017,O
is,O
in,O
force,O
on,O
the,O
date,O
on,O
which,O
the,O
sale,O
of,O
the,O
for,O
SHAH,O
MARKETING,O
goods,O
specified,O
in,O
this,O
Tax,O
Invoice,O
is,O
made,O
by,O
me,O
/,O
us,O
and,O
that,O
the,O
transactions,O
of,O
sales,O
covered,O
by,O
this,O
Tax,O
Invoice,O
has,O
been,O
effected,O
by,O
sale,O
has,O
been,O
paid,O
or,O
shall,O
be,O
paid,O
.,O
SUBJECT,O
TO,O
PUNE,O
JURISDICTION,O
This,O
is,O
a,O
Computer,O
Generated,O
Invoice,O
TING,O
Authorised,O
Signatory,O
