Text,Tag
AVIVA,B-SUPP_N
DOORS,I-SUPP_N
ok,O
이,O
Factory,O
Address:-,O
GAT,O
NO.255B,O
PLOT,O
NO.26/27,O
JYOTIBA,O
NAGAR,O
TALAWADE,O
PUNE-411062,O
Registered,O
office,O
:,O
-,O
E-83,O
Adinath,O
Society,O
Pune,O
-,O
Satara,O
Road,O
PUNE,O
-,O
411037,O
CONTACT,O
:,O
-,O
20,O
-,O
24269505,O
Mob:-,O
91,O
8446380632,O
-,O
Email,O
:,O
-,O
avivadoor@gmail.com,O
TAX,O
INVOICE,O
Buyer,O
Party,O
Invoice,B-INV_L
No,I-INV_L
.,I-INV_L
:,O
TI-349/19,B-INV_NO
-,I-INV_NO
20,I-INV_NO
M,O
/,O
s,O
.,O
:,O
SIDDHARTH,B-BUY_N
PROPERTIES,I-BUY_N
.,I-BUY_N
Date,B-INV_DL
:,O
07-08-2019,B-INV_DT
EDEN,O
COURT,O
MODEL,O
COLONY,O
PUNE,O
Po,O
/,O
Ref,O
No,O
.,O
:,O
3404-BATH,O
Original,O
Ch,O
.,O
No,O
.,O
:,O
2027,O
PUNE,O
Place,O
of,O
Supply,O
:,O
27-Maharashtra,O
GSTIN,B-GSTL
No,I-GSTL
.,I-GSTL
:,O
27AAZFS3607C1ZY,B-BUY_G
Ch,O
Date,O
.,O
:,O
06-08-2019,O
Vehicle,O
No,O
.,O
:,O
MH14HG2249,O
Site,O
Name,O
:,O
Del,O
.,O
Add,O
:,O
SUCCESS,O
SQUARE,O
SAA,O
/,O
MI/2019/13208,O
KARVE,O
NAGAR,O
Despatch,O
Thr,O
.,O
:,O
DATTA,O
SrNo,O
Product,O
Name,O
HSN,O
/,O
SAC,O
Nos,O
Total,O
Rate,O
GST%,O
Amount,O
1,O
32MM,O
BSL,O
DOOR,O
BATH,O
-,O
TR,O
-,O
DOOR,O
4418,O
11,O
11,O
NOS,O
4100,O
18,O
45100,O
SITE,O
NAME,O
:,O
Success,O
Square,O
Prire,O
RECEIVED,O
SIGN,O
:,O
DATE,O
:,O
P.0.:GRN,O
:,O
CN,O
:,O
qn,O
ce,O
GSTIN,B-GSTL
No,I-GSTL
.,I-GSTL
:,O
27AARFA8194J1ZP,B-SUPP_G
Sub,O
Total,O
45100,O
:,O
INDIAN,O
BANK,O
Bank,O
Name,O
ank,O
A,O
/,O
c,O
.,O
No,O
.,O
KTGS,O
/,O
IFSC,O
Code,O
:,O
894914709,O
:,O
IDIBOOONO12,O
Total,O
GST,O
:,O
Eight,O
Thousand,O
One,O
Hundred,O
Eighteen,O
Only,O
Taxable,O
Amount,O
45100,O
4059,O
4059,O
CGST,O
SGST,O
Bill,O
Amount,O
:,O
Fifty,O
Three,O
Thousand,O
Two,O
Hundred,O
Eighteen,O
Only,O
Grand,B-GT_AMTL
Total,I-GT_AMTL
HSN,O
Summary,O
:,O
"53,218.00",B-GT_AMT
HSN,O
Code,O
Per,O
%,O
CGST,O
Amount,O
Taxable,O
Value,O
45100,O
SGST,O
Amount,O
4059,O
4418,O
18,O
%,O
4059,O
For,O
AVIVA,O
DOORS,O
Terms,O
&,O
Condition,O
:,O
1,O
.,O
Goods,O
once,O
sold,O
will,O
not,O
be,O
taken,O
back,O
.,O
2,O
.,O
Interest,O
@18,O
%,O
p.a,O
.,O
will,O
be,O
charged,O
if,O
payment,O
is,O
not,O
made,O
within,O
due,O
date,O
.,O
3,O
.,O
Our,O
risk,O
and,O
responsibility,O
ceases,O
as,O
soon,O
as,O
the,O
goods,O
leave,O
our,O
premises,O
.,O
4,O
.,O
"""",O
Subject,O
to,O
',O
PUNE,O
',O
Jurisdiction,O
only,O
.,O
E.,O
&,O
.O.E,O
"""",O
Declaration,O
:,O
"-""I",O
/,O
We,O
here,O
by,O
certify,O
that,O
my,O
/,O
our,O
registration,O
certificate,O
under,O
the,O
GST,O
is,O
in,O
force,O
on,O
the,O
date,O
on,O
which,O
the,O
sales,O
of,O
the,O
goods,O
specified,O
in,O
this,O
Tax,O
Invoice,O
is,O
made,O
by,O
me/,O
us,O
and,O
that,O
the,O
transaction,O
of,O
sales,O
covered,O
by,O
this,O
tax,O
invoice,O
has,O
been,O
effected,O
by,O
me,O
/,O
us,O
and,O
it,O
shall,O
be,O
accounted,O
for,O
in,O
the,O
turnover,O
of,O
sales,O
while,O
filling,O
of,O
return,O
and,O
the,O
due,O
tax,O
.,O
UNET,O
yo,O
If,O
any,O
avable,O
on,O
the,O
sales,O
has,O
been,O
naiderohallbanaid,O
it,O
Authorised,O
signatore,O
