Text,Tag
AVIVA,B-SUPP_N
DOORS,I-SUPP_N
Factory,O
Address:-,O
GAT,O
NO.255B,O
PLOT,O
NO.26/27,O
JYOTIBA,O
NAGAR,O
TALAWADE,O
PUNE-411062,O
Registered,O
office,O
:,O
-,O
E-83,O
Adinath,O
Society,O
Pune,O
-,O
Satara,O
Road,O
PUNE,O
-,O
411037,O
CONTACT,O
:,O
-20,O
-,O
24269505,O
Mob:-,O
91,O
8446380632,O
-,O
Email,O
:,O
-,O
avivadoor@gmail.com,O
Original,O
Invoice,B-INV_L
No,I-INV_L
.,I-INV_L
:,O
TI-529/18,B-INV_NO
-,I-INV_NO
19,I-INV_NO
Date,B-INV_DL
:,O
11-01-2019,B-INV_DT
TAX,O
INVOICE,O
Buyer,O
Party,O
M,O
/,O
s,O
.,O
:,O
SIDDHARTH,B-BUY_N
REAL,I-BUY_N
VENTURES,I-BUY_N
LLP,I-BUY_N
.,I-BUY_N
OFFICE,O
NO-601,O
&,O
602,O
MCCLA,O
TRAD,O
TOWER,O
ICC,O
COMPLEX,O
BAPAT,O
ROAD,O
-,O
PUNE,O
MO-7745895778,O
PUNE,O
Place,O
of,O
Supply,O
:,O
27-Maharashtra,O
GSTIN,B-GSTL
No,I-GSTL
.,I-GSTL
:,O
27ACMFS9508B1ZX,B-BUY_G
Po,O
/,O
Ref,O
No,O
.,O
:,O
2957/2959,O
Ch,O
.,O
No,O
.,O
:,O
663/664/655,O
Ch,O
Date,O
.,O
:,O
05-12-2018,O
Vehicle,O
No,O
.,O
:,O
MH14EM2398,O
Site,O
Name,O
:,O
SERENITY,O
Del,O
.,O
Add,O
:,O
KOTHRUD,O
Despatch,O
Thr,O
.,O
:,O
DATTA,O
SrNo,O
Product,O
Name,O
HSN,O
/,O
SAC,O
Nos,O
Total,O
Rate,O
GST%,O
Amount,O
1,O
(,O
32)MM,O
MOULDED,O
DOOR,O
-,O
BATH,O
4418,O
4,O
4,O
NOS,O
1931.95,O
18,O
7727.8,O
2,O
32MM,O
MOULDED,O
DOOR,O
4418,O
3,O
3,O
Sq,O
.,O
Ft,O
.,O
3757,O
18,O
11271,O
3,O
32MM,O
MOULDED,O
DOOR,O
(,O
MATT,O
PAINTED,O
),O
4418,O
4,O
4,O
NOS,O
1931.95,O
18,O
7727.8,O
4,O
35MM,O
BSL,O
DOOR,O
-,O
MD,O
4418,O
1,O
1,O
NOS,O
4825,O
18,O
4825,O
5,O
42MM,O
FLUSH,O
FRAME,O
4412,O
3,O
3,O
NOS,O
3157,O
18,O
9471,O
6,O
43-MM,O
LAMINATED,O
FRAME,O
4412,O
1,O
1,O
NOS,O
4225,O
18,O
4225,O
7,O
4412,O
3,O
3,O
3,O
NOS,O
601,O
18,O
1803,O
FLUSH,O
COVER,O
MOULDING-,O
FRONT,O
&,O
BACK,O
8,O
LAMINATED,O
COVER,O
MOULDING,O
SET,O
(,O
A,O
),O
4412,O
NOS,O
600,O
13,O
600,O
Sepentingan,O
CEIVED,O
SIÓN,O
:,O
DATE:-0612119,O
2.0.2488,O
Breme,O
mail-1411119,O
GSTIN,B-GSTL
No,I-GSTL
.,I-GSTL
:,O
27AARFA8194J1ZP,B-SUPP_G
Sub,O
Total,O
47650.6,O
Bank,O
Name,O
:,O
INDIAN,O
BANK,O
Link,O
A,O
/,O
c,O
.,O
No,O
.,O
:,O
894914709,O
RTGS,O
/,O
IFSC,O
Code,O
:,O
IDIBOOONO12,O
Total,O
GST,O
:,O
Eight,O
Thousand,O
Five,O
Hundred,O
Seventy,O
Seven,O
And,O
Ten,O
Paise,O
Only,O
Taxable,O
Amount,O
43423.6,O
Bill,O
Amount,O
:,O
Fifty,O
Six,O
Thousand,O
Two,O
Hundred,O
Twenty,O
Eight,O
Only,O
CGST,O
SGST,O
Round,O
Off,O
4288.55,O
4288.55,O
0.3,O
Grand,B-GT_AMTL
Total,I-GT_AMTL
HSN,O
Summary,O
:,O
"56,228.00",B-GT_AMT
HSN,O
Code,O
Per,O
%,O
4412,O
4418,O
18,O
%,O
18,O
%,O
Taxable,O
Value,O
11872,O
31551.6,O
CGST,O
Amount,O
1068.48,O
2839.64,O
SGST,O
Amount,O
1068.48,O
2839.64,O
For,O
AVIVA,O
DOORS,O
SOOR,O
Terms,O
&,O
Condition,O
:,O
1,O
.,O
Goods,O
once,O
sold,O
will,O
not,O
be,O
taken,O
back,O
.,O
2,O
.,O
Interest,O
@18,O
%,O
p.a,O
.,O
will,O
be,O
charged,O
if,O
payment,O
is,O
not,O
made,O
within,O
due,O
date,O
.,O
3,O
.,O
Our,O
risk,O
and,O
responsibility,O
ceases,O
as,O
soon,O
as,O
the,O
goods,O
leave,O
our,O
premises,O
.,O
4,O
.,O
"""",O
Subject,O
to,O
',O
PUNE,O
',O
Jurisdiction,O
only,O
.,O
E.&.O.E,O
"""",O
"Declaration:-""I",O
/,O
We,O
here,O
by,O
certify,O
that,O
my,O
/,O
our,O
registration,O
certificate,O
under,O
the,O
GST,O
is,O
in,O
force,O
on,O
the,O
date,O
on,O
which,O
the,O
sales,O
of,O
the,O
goods,O
specified,O
in,O
this,O
Tax,O
Invoice,O
is,O
made,O
by,O
me/,O
us,O
and,O
that,O
the,O
transaction,O
of,O
sales,O
covered,O
by,O
this,O
tax,O
invoice,O
has,O
been,O
effected,O
by,O
me,O
/,O
us,O
and,O
it,O
shall,O
be,O
accounted,O
for,O
in,O
the,O
turnover,O
of,O
sales,O
while,O
filling,O
of,O
return,O
and,O
the,O
due,O
tax,O
.,O
If,O
any,O
payable,O
on,O
the,O
sales,O
has,O
been,O
paid,O
or,O
shall,O
be,O
paid,O
VIVA,O
AUNE,O
Authorised,O
Sianatory,O
),O
