Text,Tag,Col0
Declaration,O,
:,O,
"-""I",O,
/,O,
We,O,
here,O,
by,O,
certify,O,
than,O,
registration,O,
certificate,O,
under,O,
the,O,
GST,O,
is,O,
in,O,
AVIVA,B-SUPP_N,
DOORS,I-SUPP_N,
Factory,O,
Address:-,O,
GAT,O,
NO.255B,O,
PLOT,O,
NO.26/27,O,
JYOTIBA,O,
NAGAR,O,
TALAWADE,O,
PUNE-411062,O,
Registered,O,
office,O,
:,O,
-,O,
E-83,O,
Adinath,O,
Society,O,
Pune,O,
-,O,
Satara,O,
Road,O,
PUNE,O,
-,O,
411037,O,
CONTACT,O,
:,O,
-,O,
20,O,
-,O,
24269505,O,
Mob:-,O,
91,O,
8446380632,O,
-,O,
Email,O,
:,O,
-,O,
avivadoor@gmail.com,O,
TAX,O,
INVOICE,O,
Original,O,
Buyer,O,
Party,O,
Invoice,B-INV_L,
No,I-INV_L,
.,I-INV_L,
:,O,
TI-475/18,B-INV_NO,
-,I-INV_NO,
19,I-INV_NO,
M,O,
/,O,
s,O,
.,O,
:,O,
SIDDHARTH,B-BUY_N,
PROPERTIES,I-BUY_N,
Date,B-INV_DL,
:,O,
10-12-2018,B-INV_DT,
SIDDHARTH,O,
EDEN,O,
COURT,O,
MODEL,O,
COIONY,O,
Po,O,
/,O,
Ref,O,
No,O,
.,O,
:,O,
VERBAL,O,
PUNE,O,
-,O,
MO,O,
-,O,
NO-8308846229,O,
11859-BANER,O,
PUNE,O,
Ch,O,
.,O,
No,O,
.,O,
:,O,
ADCH/971,O,
Place,O,
of,O,
Supply,O,
:,O,
27-Maharashtra,O,
Ch,O,
Date,O,
.,O,
:,O,
10-12-2018,O,
GSTIN,B-GSTL,
No,I-GSTL,
.,I-GSTL,
:,O,
27AAZFS3607CIZY,B-BUY_G,
Vehicle,O,
No,O,
.,O,
:,O,
MH14EM2398,O,
Site,O,
Name,O,
:,O,
Del,O,
.,O,
Add,O,
:,O,
SKYBAY,O,
E,O,
WING,O,
Despatch,O,
Thr,O,
.,O,
:,O,
DATTA,O,
SrNo,O,
Product,O,
Name,O,
HSN,O,
/,O,
SAC,O,
Nos,O,
Total,O,
Rate,O,
GST%,O,
Amount,O,
1,O,
Nylon,O,
Frame,O,
Fixing,O,
Screw,O,
7318,O,
500,O,
PCS,O,
7.5,O,
18,O,
3750,O,
10,O,
x,O,
120,O,
Sheba,O,
SITE,O,
NAME,O,
:,O,
RECEIVED,O,
SIGN,O,
:,O,
DATE:311119,O,
P.O.:-,O,
12370,O,
GRN:-,O,
1,O,
U8951,O,
t,O,
.C.N.,O,
OMROPERTIES,O,
GATE,O,
ENTRY,O,
NO,O,
9222,O,
的,O,
。,O,
MATCHMAN,O,
SIGN,O,
.,O,
WATCH,O,
KAN,O,
SIGN,O,
.,O,
GSTIN,B-GSTL,
No,I-GSTL,
.,I-GSTL,
:,O,
27AARFA8194J1ZP,B-SUPP_G,
Sub,O,
Total,O,
3750,O,
Bank,O,
Name,O,
:,O,
INDIAN,O,
BANK,O,
Bank,O,
A,O,
/,O,
c,O,
.,O,
No,O,
.,O,
:,O,
894914709,O,
RTGS,O,
/,O,
IFSC,O,
Code,O,
:,O,
IDIBOOONO12,O,
Total,O,
GST,O,
:,O,
Six,O,
Hundred,O,
Seventy,O,
Five,O,
Only,O,
Taxable,O,
Amount,O,
3750,O,
CGST,O,
337.5,O,
Bill,O,
Amount,O,
:,O,
Four,O,
Thousand,O,
Four,O,
Hundred,O,
Twenty,O,
Five,O,
Only,O,
SGST,O,
337.5,O,
Grand,B-GT_AMTL,
Total,I-GT_AMTL,
HSN,O,
Summary,O,
:,O,
"4,425.00",B-GT_AMT,
Note,O,
:,O,
HSN,O,
Code,O,
Per,O,
%,O,
Taxable,O,
Value,O,
CGST,O,
Anount,O,
SGST,O,
Amount,O,
7318,O,
18,O,
%,O,
3750,O,
337.5,O,
337.5,O,
Terms,O,
&,O,
Condition,O,
:,O,
For,O,
AVIVA,O,
DOORS,O,
1,O,
.,O,
Goods,O,
once,O,
sold,O,
will,O,
not,O,
be,O,
taken,O,
back,O,
.,O,
SIC,O,
2,O,
.,O,
Interest,O,
@18,O,
%,O,
p.a,O,
.,O,
will,O,
be,O,
charged,O,
if,O,
payment,O,
Fipt,O,
made,O,
within,O,
due,O,
date,O,
.,O,
3,O,
.,O,
Our,O,
risk,O,
and,O,
responsibility,O,
cea,O,
elas,O,
soon,O,
as,O,
the,O,
goods,O,
leave,O,
our,O,
premises,O,
.,O,
4,O,
.,O,
"""",O,
Subject,O,
to,O,
',O,
PUNE,O,
',O,
Jurisdiction,O,
on,O,
*,O,
E,O,
:,O,
&,O,
0.2,O,
1042,O,
11,O,
Kelts,O,
DATE,O,
151120018,O,
10130,O,
AM,O,
18.55,O,
AM,O,
Pa,O,
M,O,
In,O,
mail,O,
11-12-2018,O,
Eline,O,
AVIVA,O,
Soutros,O,
Suox,O,
force,O,
on,O,
the,O,
date,O,
on,O,
which,O,
the,O,
sales,O,
of,O,
the,O,
goods,O,
specified,O,
in,O,
this,O,
Tax,O,
Invoice,O,
is,O,
made,O,
by,O,
me/,O,
us,O,
and,O,
that,O,
the,O,
transaction,O,
of,O,
sales,O,
covered,O,
by,O,
this,O,
tax,O,
invoice,O,
has,O,
been,O,
effected,O,
by,O,
me,O,
/,O,
us,O,
and,O,
it,O,
shall,O,
be,O,
accounted,O,
for,O,
in,O,
the,O,
turnover,O,
of,O,
sales,O,
while,O,
filling,O,
of,O,
return,O,
and,O,
the,O,
due,O,
tax,O,
.,O,
WNE,O,
