Text,Tag
1711119,O
AVIVA,B-SUPP_N
DOORS,I-SUPP_N
Factory,O
Address:-,O
GAT,O
NO.255B,O
PLOT,O
NO.26/27,O
JYOTIBA,O
NAGAR,O
TALAWADE,O
PUNE-411062,O
Registered,O
office,O
:,O
-,O
E-83,O
Adinath,O
Society,O
Pune,O
-,O
Satara,O
Road,O
PUNE,O
-,O
411037,O
CONTACT,O
:,O
-,O
20,O
-,O
24269505,O
Mob:-,O
91,O
8446380632,O
-,O
Email,O
:,O
-,O
avivadoor@gmail.com,O
TAX,O
INVOICE,O
Original,O
Invoice,B-INV_L
No,I-INV_L
.,I-INV_L
•,O
T1,B-INV_NO
-,I-INV_NO
518,I-INV_NO
-,I-INV_NO
18,I-INV_NO
-,I-INV_NO
19,I-INV_NO
Date,O
:,O
07-01-2019,O
Buyer,O
Party,O
M,O
/,O
s,O
.,O
:,O
SIDDHARTH,B-BUY_N
REAL,I-BUY_N
VENTURES,I-BUY_N
LLP,I-BUY_N
.,I-BUY_N
OFFICE,O
NO-601,O
&,O
602,O
MCCLA,O
TRAD,O
TOWER,O
ICC,O
COMPLEX,O
BAPAT,O
ROAD,O
-,O
PUNE,O
MO-7745895778,O
PUNE,O
Place,O
of,O
Supply,O
:,O
27-Maharashtra,O
GSTIN,B-GSTL
No,I-GSTL
.,I-GSTL
:,O
27ACMFS9508B1ZX,B-BUY_G
Po,O
/,O
Ref,O
No,O
.,O
:,O
Ch,O
.,O
No,O
.,O
:,O
1080,O
Ch,O
Date,O
.,O
:,O
07-01-2019,O
Vehicle,O
No,O
.,O
:,O
Site,O
Name,O
:,O
SERENITY,O
Del,O
.,O
Add,O
:,O
KOTHRUD,O
Despatch,O
Thr,O
.,O
:,O
SrNo,O
Product,O
Name,O
HSN,O
/,O
SAC,O
Nos,O
Total,O
Rate,O
GST%,O
Amount,O
1,O
FRAME,O
FIXING,O
7318,O
3,O
3,O
NOS,O
120,O
18,O
360,O
2,O
7302,O
1,O
1,O
NOS,O
220,O
18,O
220,O
7318,O
12,O
600,O
PCS,O
7.5,O
18,O
4500,O
3,O
Nylon,O
Frame,O
Fixing,O
Screw,O
10,O
x,O
120,O
SITE,O
NAMESerenity,O
nome,O
DATE:-,O
811119,O
GSTIN,B-GSTL
No,I-GSTL
.,I-GSTL
:,O
27AARFA8194J1ZP,B-SUPP_G
Sub,O
Total,O
5080,O
Bank,O
Name,O
:,O
INDIAN,O
BANK,O
Dank,O
A,O
/,O
c,O
.,O
No,O
.,O
:,O
894914709,O
VGS,O
/,O
IFSC,O
Code,O
:,O
IDIBOOONO12,O
Total,O
GST,O
:,O
Nine,O
Hundred,O
Fourteen,O
And,O
Forty,O
Paise,O
Only,O
gro,O
Taxable,O
Amount,O
5080,O
Bill,O
Amount,O
:,O
Five,O
Thousand,O
Nine,O
Hundred,O
Ninety,O
Four,O
Only,O
CGST,O
SGST,O
Round,O
Off,O
457.2,O
457.2,O
-0.4,O
HSN,O
Summary,O
:,O
Grand,B-GT_AMTL
Total,I-GT_AMTL
"5,994.00",B-GT_AMT
HSN,O
Code,O
Per,O
%,O
Taxable,O
Value,O
CGST,O
Amount,O
7318,O
7302,O
18,O
%,O
18,O
%,O
4860,O
220,O
437.4,O
19.3,O
SGST,O
Amount,O
437.4,O
19.8,O
Terms,O
&,O
Condition,O
:,O
For,O
AVIVA,O
DOORS,O
OORS,O
1,O
.,O
Goods,O
once,O
sold,O
will,O
not,O
be,O
taken,O
back,O
.,O
2,O
.,O
Interest,O
@18,O
%,O
p.a,O
.,O
will,O
be,O
charged,O
if,O
payment,O
is,O
not,O
made,O
within,O
due,O
date,O
.,O
3,O
.,O
Our,O
risk,O
and,O
responsibility,O
ceases,O
as,O
soon,O
as,O
the,O
goods,O
leave,O
our,O
premises,O
.,O
4,O
.,O
"""",O
Subject,O
to,O
',O
PUNE,O
',O
Jurisdiction,O
only,O
.,O
E.,O
&,O
.O.E,O
"""",O
Declaration,O
:,O
"-""I",O
/,O
We,O
here,O
by,O
certify,O
that,O
my,O
/,O
our,O
registration,O
certificate,O
under,O
the,O
GST,O
is,O
in,O
force,O
on,O
the,O
date,O
on,O
which,O
the,O
sales,O
of,O
the,O
goods,O
specified,O
in,O
this,O
Tax,O
Invoice,O
is,O
made,O
by,O
me/,O
us,O
and,O
that,O
the,O
transaction,O
of,O
sales,O
covered,O
by,O
this,O
tax,O
invoice,O
has,O
been,O
effected,O
by,O
me,O
/,O
us,O
and,O
it,O
shall,O
be,O
accounted,O
for,O
in,O
the,O
turnover,O
of,O
sales,O
while,O
filling,O
of,O
return,O
and,O
the,O
due,O
tax,O
.,O
PUNE,O
If,O
any,O
avable,O
on,O
the,O
colechashaanid,O
