Text,Tag
AVIVA,B-SUPP_N
DOORS,I-SUPP_N
Factory,O
Address:-,O
GAT,O
NO.255B,O
PLOT,O
NO.26/27,O
JYOTIBA,O
NAGAR,O
TALAWADE,O
PUNE-411062,O
Registered,O
office,O
:,O
#NAME?,O
Adinath,O
Society,O
Pune,O
-,O
Satara,O
Road,O
PUNE,O
-,O
411037,O
CONTACT,O
:,O
-,O
20,O
-,O
24269505,O
Mob:-,O
91,O
8446380632,O
-,O
Email,O
:,O
-,O
avivadoor@gmail.com,O
Original,O
Invoice,B-INV_L
No,I-INV_L
.,I-INV_L
:,O
TI-593/18,B-INV_NO
-,I-INV_NO
19,I-INV_NO
Date,B-INV_DL
:,O
04-02-2019,B-INV_DT
TAX,O
INVOICE,O
Buyer,O
Party,O
M,O
/,O
s,O
.,O
:,O
SIDDHARTH,B-BUY_N
REAL,I-BUY_N
VENTURES,I-BUY_N
LLP,I-BUY_N
.,I-BUY_N
OFFICE,O
NO-601,O
&,O
602,O
MCCLA,O
TRAD,O
TOWER,O
ICC,O
COMPLEX,O
BAPAT,O
ROAD,O
-,O
PUNE,O
MO-7745895778,O
PUNE,O
Place,O
of,O
Supply,O
:,O
27-Maharashtra,O
GSTIN,B-GSTL
No,I-GSTL
.,I-GSTL
:,O
27ACMFS9508B1ZX,B-BUY_G
Po,O
/,O
Ref,O
No,O
.,O
:,O
3084,O
Ch,O
.,O
No,O
.,O
:,O
1135,O
Ch,O
Date,O
.,O
:,O
21-01-2019,O
Vehicle,O
No,O
.,O
:,O
MH14EM5235,O
Site,O
Name,O
:,O
SERINTY,O
Del,O
.,O
Add,O
:,O
KOTHRUD,O
Despatch,O
Thr,O
.,O
:,O
SrNo,O
Product,O
Name,O
HSN,O
/,O
SAC,O
Nos,O
Total,O
Rate,O
GST%,O
Amount,O
1,O
32MM,O
BSL,O
-,O
DOOR,O
(,O
BATH,O
/,O
WC,O
/,O
TER,O
),O
4418,O
3,O
3,O
Sq,O
.,O
Ft,O
.,O
3813.56,O
18,O
11440.68,O
SITE,O
NAME,O
:,O
RECEIVED,O
Sovenity,O
DATE,O
:,O
Celalia,O
S06,O
Prime,O
P.O.:GRN,O
:,O
C.N.,O
-,O
GSTIN,B-GSTL
No,I-GSTL
.,I-GSTL
:,O
27AARFA8194J1ZP,B-SUPP_G
Sub,O
Total,O
11440.68,O
Bank,O
Name,O
:,O
INDIAN,O
BANK,O
Bank,O
A,O
/,O
c,O
.,O
No,O
.,O
:,O
894914709,O
RTGS,O
/,O
IFSC,O
Code,O
:,O
IDIBOOONO12,O
Total,O
GST,O
:,O
Two,O
Thousand,O
Fifty,O
Nine,O
And,O
Thirty,O
Two,O
Paise,O
Only,O
11440.68,O
Taxable,O
Amount,O
CGST,O
SGST,O
Bill,O
Amount,O
:,O
Thirteen,O
Thousand,O
Five,O
Hundred,O
Only,O
1029.66,O
1029.66,O
HSN,O
Summary,O
:,O
Grand,B-GT_AMTL
Total,I-GT_AMTL
"13,500.00",B-GT_AMT
HSN,O
Code,O
Per,O
%,O
Taxable,O
Value,O
CGST,O
Amount,O
SGST,O
Amount,O
1029.66,O
4418,O
18,O
%,O
11440.68,O
1029.66,O
Terms,O
&,O
Condition,O
:,O
For,O
AVLAADOORS,O
RS,O
1,O
.,O
Goods,O
once,O
sold,O
will,O
not,O
be,O
taken,O
back,O
.,O
2,O
.,O
Interest,O
@18,O
%,O
p.a,O
.,O
will,O
be,O
charged,O
if,O
payment,O
is,O
not,O
made,O
within,O
due,O
date,O
.,O
3,O
.,O
Our,O
risk,O
and,O
responsibility,O
ceases,O
as,O
soon,O
as,O
the,O
goods,O
leave,O
our,O
premises,O
.,O
4,O
.,O
"""",O
Subject,O
to,O
',O
PUNE,O
',O
Jurisdiction,O
only,O
.,O
E.,O
&,O
.O.E,O
"""",O
:,O
Declaration,O
:,O
"-""I",O
/,O
We,O
here,O
by,O
certify,O
that,O
my,O
/,O
our,O
registration,O
certificate,O
under,O
the,O
GST,O
is,O
in,O
force,O
on,O
the,O
date,O
on,O
which,O
the,O
sales,O
of,O
the,O
goods,O
specified,O
in,O
this,O
Tax,O
Invoice,O
is,O
made,O
by,O
me/,O
us,O
and,O
that,O
the,O
transaction,O
of,O
sales,O
covered,O
by,O
this,O
tax,O
invoice,O
has,O
been,O
effected,O
by,O
me,O
/,O
us,O
and,O
it,O
shall,O
be,O
accounted,O
for,O
in,O
the,O
turnover,O
of,O
sales,O
while,O
filling,O
of,O
return,O
and,O
the,O
due,O
tax,O
.,O
PUNE,O
VAIA,O
LU,O
If,O
anyayable,O
on,O
the,O
color,O
behaan,O
thorica,O
