Text,Tag
PO,O
YA,O
AVIVA,B-SUPP_N
DOORS,I-SUPP_N
Factory,O
Address:-,O
GAT,O
NO.255B,O
PLOT,O
NO.26/27,O
JYOTIBA,O
NAGAR,O
TALAWADE,O
PUNE-411062,O
Registered,O
office,O
:,O
#NAME?,O
Adinath,O
Society,O
Pune,O
-,O
Satara,O
Road,O
PUNE,O
-,O
411037,O
CONTACT,O
:,O
-20,O
-,O
24269505,O
Mob:-,O
91,O
8446380632,O
-,O
Email,O
:,O
-,O
avivadoor@gmail.com,O
TAX,O
INVOICE,O
Original,O
Invoice,B-INV_L
No,I-INV_L
.,I-INV_L
:,O
TI-222/20,B-INV_NO
-,I-INV_NO
21,I-INV_NO
Date,B-INV_DL
:,O
03-11-2020,B-INV_DT
Po,O
/,O
Ref,O
No,O
.,O
:,O
Buyer,O
Party,O
M,O
/,O
s,O
.,O
:,O
SIDDHARTH,B-BUY_N
PROPERTIES,I-BUY_N
SIDDHARTH,O
EDEN,O
COURT,O
MODEL,O
COIONY,O
PUNE,O
-,O
MO,O
-,O
NO-8308846229,O
11859-BANER,O
PUNE,O
Place,O
of,O
Supply,O
:,O
27-Maharashtra,O
GSTIN,B-GSTL
No,I-GSTL
.,I-GSTL
:,O
27AAZFS3607C1ZY,B-BUY_G
4046/5034/4046,O
Ch,O
.,O
No,O
.,O
:,O
467/469/468,O
Ch,O
Date,O
.,O
:,O
31-10-2020,O
Vehicle,O
No,O
.,O
:,O
MH14EM5235,O
SKYBAY,O
SAARRTHI,O
Site,O
Name,O
:,O
Del,O
.,O
Add,O
:,O
BANER,O
Despatch,O
Thr,O
.,O
:,O
Skyboy,O
SrNo,O
Product,O
Name,O
HSN,O
/,O
SAC,O
Nos,O
Amount,O
Total,O
νες,O
11,O
seoft,O
.,O
1,O
32MM,O
BSL,O
-,O
DOOR-(WC,O
/,O
BATH,O
),O
4418,O
11,O
4300,O
18,O
47300,O
Nost,O
2,O
35MM,O
BSL-,O
DOOR,O
-,O
BED,O
4418,O
4,O
4,O
pFt,O
.,O
8700,O
18,O
34800,O
GSTIN,B-GSTL
No,I-GSTL
.,I-GSTL
:,O
27AARFA819431ZP,B-SUPP_G
Sub,O
Total,O
82100,O
Bank,O
Name,O
:,O
INDIAN,O
BANK,O
Bank,O
A,O
/,O
c,O
.,O
No,O
.,O
:,O
894914709,O
RTGS,O
/,O
IFSC,O
Code,O
:,O
IDIBOOONO12,O
Total,O
GST,O
:,O
Fourteen,O
Thousand,O
Seven,O
Hundred,O
Seventy,O
Eight,O
Only,O
Taxable,O
Amount,O
82100,O
Bill,O
Amount,O
:,O
Ninety,O
Six,O
Thousand,O
Eight,O
Hundred,O
Seventy,O
Eight,O
Only,O
CGST,O
SGST,O
7389,O
7389,O
Grand,B-GT_AMTL
Total,I-GT_AMTL
HSN,O
Summary,O
:,O
"96,878.00",B-GT_AMT
Note,O
:,O
-,O
HSN,O
Code,O
Per,O
%,O
Taxable,O
Value,O
CGST,O
Amount,O
SGST,O
Amount,O
7389,O
4418,O
18,O
%,O
82100,O
7389,O
Terms,O
&,O
Condition,O
:,O
For,O
AVIVA,O
DOORS,O
1,O
.,O
Goods,O
once,O
sold,O
will,O
not,O
be,O
taken,O
back,O
.,O
2,O
.,O
Interest,O
@18,O
%,O
p.a,O
.,O
will,O
be,O
charged,O
if,O
payment,O
is,O
not,O
made,O
within,O
due,O
date,O
.,O
3,O
.,O
Our,O
risk,O
and,O
responsibility,O
ceases,O
as,O
soon,O
as,O
the,O
goods,O
leave,O
our,O
premises,O
.,O
4,O
.,O
"""",O
Subject,O
to,O
',O
PUNE,O
',O
Jurisdiction,O
only,O
.,O
E.&.O.E,O
"""",O
"Declaration:-""I",O
/,O
We,O
here,O
by,O
certify,O
that,O
my,O
/,O
our,O
registration,O
certificate,O
under,O
the,O
GST,O
is,O
in,O
force,O
on,O
the,O
date,O
on,O
which,O
the,O
sales,O
of,O
the,O
goods,O
specified,O
in,O
this,O
Tax,O
Invoice,O
is,O
made,O
by,O
me/,O
us,O
and,O
that,O
the,O
transaction,O
of,O
sales,O
covered,O
by,O
this,O
tax,O
invoice,O
has,O
been,O
effected,O
by,O
me,O
/,O
us,O
and,O
it,O
shall,O
be,O
accounted,O
for,O
in,O
the,O
turnover,O
of,O
sales,O
while,O
filling,O
of,O
return,O
and,O
the,O
due,O
tax,O
.,O
If,O
any,O
payable,O
on,O
the,O
sales,O
has,O
been,O
paid,O
or,O
shall,O
be,O
paid,O
.,O
"""",O
PUNE,O
(,O
Authorised,O
Signatory,O
),O
