Text,Tag
AVIVA,B-SUPP_N
DOORS,I-SUPP_N
Factory,O
Address:-,O
GAT,O
NO.255B,O
PLOT,O
NO.26/27,O
JYOTIBA,O
NAGAR,O
TALAWADE,O
PUNE-411062,O
Registered,O
office,O
:,O
#NAME?,O
Adinath,O
Society,O
Pune,O
-,O
Satara,O
Road,O
PUNE,O
-,O
411037,O
CONTACT,O
:,O
-,O
20,O
-,O
24269505,O
Mob:-,O
91,O
8446380632,O
-,O
Email,O
:,O
-,O
avivadoor@gmail.com,O
TAX,O
INVOICE,O
Original,O
Invoice,B-INV_L
No,I-INV_L
.,I-INV_L
:,O
TI-128/18,B-INV_NO
-,I-INV_NO
19,I-INV_NO
Date,B-INV_DL
:,O
13-06-2018,B-INV_DT
Buyer,O
Party,O
M,O
/,O
s,O
.,O
:,O
SIDDHARTH,B-BUY_N
PROPERTIES,I-BUY_N
SIDDHARTH,O
EDEN,O
COURT,O
MODEL,O
COIONY,O
PUNE,O
-,O
MO,O
-,O
NO-8308846229,O
11859-BANER,O
PUNE,O
Place,O
of,O
Supply,O
:,O
27-Maharashtra,O
GSTIN,B-GSTL
No,I-GSTL
.,I-GSTL
:,O
27AAZFS3607C1ZY,B-BUY_G
Po,O
/,O
Ref,O
No,O
.,O
:,O
2640,O
Ch,O
.,O
No,O
.,O
:,O
245,O
Ch,O
Date,O
.,O
:,O
13-06-2018,O
Vehicle,O
No,O
.,O
:,O
Despatch,O
Thr,O
.,O
:,O
Site,O
Name,O
:,O
SIDDHARTH,O
/SAARTHI,O
-,O
SKB,O
Del,O
.,O
Add,O
:,O
BALEWADI,O
SrNo,O
Product,O
Name,O
HSN,O
/,O
SAC,O
Nos,O
Total,O
Rate,O
GST%,O
Amount,O
1,O
35MM,O
BSL-,O
DOOR,O
-,O
BED,O
4418,O
36,O
36,O
Sq,O
.,O
Ft,O
.,O
8700,O
18,O
313200,O
C.,O
Bead-,O
og,O
Nos,O
.,O
.,O
M.,O
Bed,O
&,O
27,O
Nos,O
SI,O
SITE,O
NAME,O
:,O
Skybay,O
RECEIVED,O
SIGN,O
:,O
Rume,O
DE,O
:,O
IS16118,O
SIDDHARIH,O
PROPERTIES,O
SITE,O
SKYBAY,O
GATE,O
ENTRY,O
No,O
:,O
6000,O
DATE,O
13106110,O
01:30,O
WATCHMAN,O
SICA,O
OUT,O
&,O
Sub,O
Total,O
313200,O
I,O
GRN,O
.,O
GSTIN,B-GSTL
No,I-GSTL
.,I-GSTL
:,O
27AARFA8194J1ZP,B-SUPP_G
Bank,O
Name,O
:,O
INDIAN,O
BANK,O
Bank,O
A,O
/,O
c,O
.,O
No,O
.,O
:,O
894914709,O
RTGS,O
/,O
IFSC,O
Code,O
:,O
IDIBOOONO12,O
Total,O
GST,O
:,O
Fifty,O
Six,O
Thousand,O
Three,O
Hundred,O
Seventy,O
Six,O
Only,O
Taxable,O
Amount,O
313200,O
28188,O
28188,O
CGST,O
SGST,O
Bill,O
Amount,O
:,O
Three,O
Lakh,O
Sixty,O
Nine,O
Thousand,O
Five,O
Hundred,O
Seventy,O
Six,O
Only,O
Grand,B-GT_AMTL
Total,I-GT_AMTL
HSN,O
Summary,O
:,O
"3,69,576",B-GT_AMT
HSN,O
Code,O
Per,O
%,O
Taxable,O
Value,O
313200,O
CGST,O
Amount,O
28188,O
4418,O
SGST,O
Amount,O
28188,O
18,O
%,O
PHOOLS,O
105A,O
For,O
AVIVA,O
DOORS,O
Terms,O
&,O
Condition,O
:,O
1,O
.,O
Goods,O
once,O
sold,O
will,O
not,O
be,O
taken,O
back,O
.,O
2,O
.,O
Interest,O
@18,O
%,O
p.a,O
.,O
will,O
be,O
charged,O
if,O
payment,O
is,O
not,O
made,O
within,O
due,O
date,O
.,O
3,O
.,O
Our,O
risk,O
and,O
responsibility,O
ceases,O
as,O
soon,O
as,O
the,O
goods,O
leave,O
our,O
prehlises,O
4,O
.,O
"""",O
Subject,O
to,O
',O
PUNE,O
',O
Jurisdiction,O
only,O
.,O
E.,O
&,O
.O.E,O
"""",O
"Declaration:-""I",O
/,O
We,O
here,O
by,O
certify,O
that,O
my,O
/,O
our,O
registration,O
certificate,O
under,O
the,O
GST,O
is,O
in,O
force,O
on,O
the,O
date,O
on,O
which,O
the,O
sales,O
of,O
the,O
goods,O
specified,O
in,O
this,O
Tax,O
Invoice,O
is,O
made,O
by,O
me/,O
us,O
and,O
that,O
the,O
transaction,O
of,O
sales,O
covered,O
by,O
this,O
tax,O
invoice,O
has,O
been,O
effected,O
by,O
me,O
/,O
us,O
and,O
it,O
shall,O
be,O
accounted,O
for,O
in,O
the,O
turnover,O
of,O
sales,O
while,O
filling,O
of,O
return,O
and,O
the,O
due,O
tax,O
.,O
If,O
any,O
pavable,O
on,O
the,O
sales,O
has,O
been,O
paid,O
or,O
shall,O
be,O
paid,O
SEAY,O
316,O
S,O
-,O
INNEN,O
OB,O
TAuthorised,O
Signatory,O
),O
