Text,Tag
AVIVA,B-SUPP_N
DOORS,I-SUPP_N
Factory,O
Address:-,O
GAT,O
NO.255B,O
PLOT,O
NO.26/27,O
JYOTIBA,O
NAGAR,O
TALAWADE,O
PUNE-411062,O
Registered,O
office,O
:,O
-,O
E-83,O
Adinath,O
Society,O
Pune,O
-,O
Satara,O
Road,O
PUNE,O
-,O
411037,O
CONTACT,O
:,O
-,O
20,O
-,O
24269505,O
Mob:-,O
91,O
8446380632,O
-,O
Email,O
:,O
-,O
avivadoor@gmail.com,O
TAX,O
INVOICE,O
Original,O
Invoice,B-INV_L
No,I-INV_L
.,I-INV_L
•,O
TI-48/18,B-INV_NO
-,I-INV_NO
19,I-INV_NO
Date,B-INV_DL
:,O
04-05-2018,B-INV_DT
Buyer,O
Party,O
M,O
/,O
s,O
.,O
:,O
SIDDHARTH,B-BUY_N
PROPERTIES,I-BUY_N
SIDDHARTH,O
EDEN,O
COURT,O
MODEL,O
COIONY,O
PUNE,O
-,O
MO,O
-,O
NO-8308846229,O
11859,O
PUNE,O
Place,O
of,O
Supply,O
:,O
27-Maharashtra,O
GSTIN,B-GSTL
No,I-GSTL
.,I-GSTL
:,O
27AAZFS3607C1ZY,B-BUY_G
Po,O
/,O
Ref,O
No,O
.,O
:,O
2578,O
-,O
11536,O
Ch,O
.,O
No,O
.,O
:,O
81/87,O
Ch,O
Date,O
.,O
:,O
28-04-2018,O
Vehicle,O
No,O
.,O
:,O
MH-14-EM-2398,O
Despatch,O
Thr,O
.,O
:,O
DATTA,O
Site,O
Name,O
:,O
SKYBAY,O
Del,O
.,O
Add,O
:,O
S.NO-60/1.MOUZE,O
MHALUNGE,O
TALUKA,O
MULSHI,O
PUNE,O
.,O
SrNo,O
Product,O
Name,O
HSN,O
/,O
SAC,O
Nos,O
Total,O
Rate,O
GST%,O
Amount,O
1,O
40MM,O
BSVL,O
-,O
DOOR,O
4418,O
40,O
40,O
NOS,O
12500,O
18,O
500000,O
2.1,O
SITE,O
NAME,O
:,O
RECEIVED,O
SIGN,O
:,O
DATE,O
:,O
18/5118,O
Prome,O
GSTIN,B-GSTL
No,I-GSTL
.,I-GSTL
:,O
27AARFA819431ZP,B-SUPP_G
Sub,O
Total,O
500000,O
Bank,O
Name,O
INDIAN,O
BANK,O
Bank,O
A,O
/,O
c,O
.,O
No,O
.,O
:,O
894914709,O
RTGS,O
/,O
IFSC,O
Code,O
:,O
IDIBOOONO12,O
Total,O
GST,O
:,O
Ninety,O
Thousand,O
Only,O
Taxable,O
Amount,O
gu,O
500000,O
45000,O
45000,O
CGST,O
SGST,O
Bill,O
Amount,O
:,O
Five,O
Lakh,O
Ninety,O
Thousand,O
Only,O
Grand,B-GT_AMTL
Total,I-GT_AMTL
HSN,O
Summary,O
:,O
"5,90,000.00",B-GT_AMT
Note,O
:,O
-,O
HSN,O
Code,O
Per,O
%,O
Taxable,O
Value,O
CGST,O
Amount,O
45000,O
SGST,O
Amount,O
45000,O
4418,O
18,O
%,O
500000,O
BILLING,O
INWARD,O
Terms,O
&,O
Condition,O
:,O
DODHARTH,O
PROPERTIES,O
1,O
.,O
Goods,O
once,O
sold,O
will,O
not,O
be,O
taken,O
back,O
.,O
SITE:-,O
SKYBAY,O
2,O
.,O
Interest,O
@18,O
%,O
p.a,O
.,O
will,O
be,O
charged,O
if,O
payment,O
is,O
not,O
made,O
within,O
duB,O
AJE,O
.,O
SIGN,O
.,O
3,O
.,O
Our,O
risk,O
and,O
responsibility,O
ceases,O
as,O
soon,O
as,O
the,O
goods,O
teave,O
our,O
premises,O
.,O
4,O
.,O
"""",O
Subject,O
to,O
',O
PUNE,O
',O
Jurisdiction,O
only,O
E.,O
&,O
.O.E,O
"""",O
SITEHO,O
For,O
AVIVA,O
DOORS,O
RS,O
FOOORS,O
SEM,O
Declaration,O
:,O
"-""I",O
/,O
We,O
here,O
by,O
certify,O
that,O
my,O
/,O
our,O
reģistration,O
certificate,O
under,O
the,O
GST,O
is,O
in,O
force,O
on,O
the,O
date,O
on,O
which,O
the,O
sales,O
of,O
the,O
goods,O
specified,O
this,O
Tax,O
Invoice,O
is,O
made,O
by,O
me/,O
us,O
and,O
that,O
the,O
transaction,O
of,O
sales,O
covered,O
by,O
this,O
tax,O
invoice,O
has,O
been,O
effected,O
by,O
me,O
/,O
us,O
and,O
it,O
shall,O
be,O
accounted,O
for,O
in,O
the,O
turnover,O
of,O
sales,O
while,O
filling,O
of,O
return,O
and,O
the,O
due,O
taxi,O
PUNE-3,O
),O
