Text,Tag
AVIVA,B-SUPP_N
DOORS,I-SUPP_N
Factory,O
Address:-,O
GAT,O
NO.255B,O
PLOT,O
NO.26/27,O
JYOTIBA,O
NAGAR,O
TALAWADE,O
PUNE-411062,O
Registered,O
office,O
:,O
#NAME?,O
Adinath,O
Society,O
Pune,O
-,O
Satara,O
Road,O
PUNE,O
-,O
411037,O
CONTACT,O
:,O
-,O
20,O
-,O
24269505,O
Mob:-,O
91,O
8446380632,O
-,O
Email,O
:,O
-,O
avivadoor@gmail.com,O
TAX,O
INVOICE,O
Original,O
Invoice,B-INV_L
No,I-INV_L
.,I-INV_L
:,O
TI-174/18,B-INV_NO
-,I-INV_NO
19,I-INV_NO
Date,B-INV_DL
:,O
03-07-2018,B-INV_DT
Buyer,O
Party,O
M,O
/,O
s,O
.,O
:,O
SIDDHARTH,B-BUY_N
PROPERTIES,I-BUY_N
SIDDHARTH,O
EDEN,O
COURT,O
MODEL,O
COIONY,O
PUNE,O
-,O
MO,O
-,O
NO-8308846229,O
11859-BANER,O
PUNE,O
Place,O
of,O
Supply,O
:,O
27-Maharashtra,O
GSTIN,B-GSTL
No,I-GSTL
.,I-GSTL
:,O
27AAZFS3607C1ZY,B-BUY_G
Po,O
/,O
Ref,O
No,O
.,O
:,O
2608,O
Ch,O
.,O
No,O
.,O
:,O
210,O
Ch,O
Date,O
.,O
:,O
02-06-2018,O
Vehicle,O
No,O
.,O
:,O
MH-14-EM-2398,O
Despatch,O
Thr,O
.,O
:,O
DATTA,O
Site,O
Name,O
:,O
SAARTHI,O
/,O
SKB,O
Del,O
.,O
Add,O
:,O
BANER,O
SrNo,O
Product,O
Name,O
HSN,O
/,O
SAC,O
Nos,O
Total,O
Rate,O
GST%,O
Amount,O
1,O
32MM,O
BSL,O
-,O
DOOR,O
4418,O
20,O
20,O
NOS,O
4300,O
18,O
86000,O
SITE,O
NAME,O
:,O
RECEIVED,O
Skybay,O
mine,O
9,O
DATE:9,O
1718,O
GRN,O
:,O
',O
1897,O
GSTIN,B-GSTL
No,I-GSTL
.,I-GSTL
:,O
27AARFA8194J1ZP,B-SUPP_G
Sub,O
Total,O
86000,O
ink,O
Name,O
:,O
INDIAN,O
BANK,O
ank,O
A,O
/,O
c,O
.,O
No,O
.,O
:,O
894914709,O
RTGS,O
/,O
IFSC,O
Code,O
:,O
IDIBOOONO12,O
Total,O
GST,O
:,O
Fifteen,O
Thousand,O
Four,O
Hundred,O
Eighty,O
Only,O
86000,O
Taxable,O
Amount,O
CGST,O
SGST,O
7740,O
7740,O
Bill,O
Amount,O
:,O
One,O
Lakh,O
One,O
Thousand,O
Four,O
Hundred,O
Eighty,O
Only,O
Grand,B-GT_AMTL
Total,I-GT_AMTL
"1,01,480.00",B-GT_AMT
HSN,O
Summary,O
:,O
Note,O
:,O
-,O
HSN,O
Code,O
Per,O
%,O
Taxable,O
Value,O
CGST,O
Amount,O
7740,O
SGST,O
Amount,O
7740,O
4418,O
18,O
%,O
86000,O
For,O
AVIVA,O
DOORS,O
S,O
Terms,O
&,O
Condition,O
:,O
1,O
.,O
Goods,O
once,O
sold,O
will,O
not,O
be,O
taken,O
back,O
.,O
2,O
.,O
Interest,O
@18,O
%,O
p.a,O
.,O
will,O
be,O
charged,O
if,O
payment,O
is,O
not,O
made,O
within,O
due,O
date,O
.,O
3,O
.,O
Our,O
risk,O
and,O
responsibility,O
ceases,O
as,O
soon,O
as,O
the,O
goods,O
leave,O
our,O
premises,O
.,O
4,O
.,O
"""",O
Subject,O
to,O
',O
PUNE,O
',O
jurisdiction,O
only,O
.,O
E.,O
&,O
.O.E,O
"""",O
"Declaration:-""I",O
/,O
We,O
here,O
by,O
certify,O
that,O
my,O
/,O
our,O
registration,O
certificate,O
under,O
the,O
GST,O
is,O
in,O
force,O
on,O
the,O
date,O
on,O
which,O
the,O
sales,O
of,O
the,O
goods,O
specified,O
in,O
this,O
Tax,O
Invoice,O
is,O
made,O
by,O
me/,O
us,O
and,O
that,O
the,O
transaction,O
of,O
sales,O
covered,O
by,O
this,O
tax,O
invoice,O
has,O
been,O
effected,O
by,O
me,O
/,O
us,O
and,O
it,O
shall,O
be,O
accounted,O
for,O
in,O
the,O
turnover,O
of,O
sales,O
while,O
filling,O
of,O
return,O
and,O
the,O
due,O
tax,O
.,O
AIAS,O
TE,O
vahe,O
on,O
the,O
lacobaan,O
Rider,O
choll,O
band,O
11,O
(,O
Authorised,O
Signatory,O
),O
