Text,Tag
||,O
OM,O
11,O
OR,O
To,O
INDIA,B-SUPP_N
CABLES,I-SUPP_N
Corporate,O
Office,O
Address:410,O
Ishwari,O
Krupa,O
Apartments,O
Near,O
Pasodya,O
Vithobha,O
Mandir,O
Budhwar,O
Peth,O
Pune,O
-,O
411002,O
PH,O
:,O
20,O
-,O
6640,O
5720,O
/,O
5721,O
66029616,O
Website,O
:,O
www.indiacables.in,O
E,O
-,O
Mail,O
:,O
sales@indiacables.in,O
.,O
GST,B-GSTL
No,I-GSTL
.,I-GSTL
:,O
27AAFF14780E1ZC,B-SUPP_G
PAN,O
NO,O
:,O
AAFF14780E,O
Dispatch,O
From,O
:,O
410,O
Ishwari,O
Krupa,O
Apartments,O
Near,O
Pasodya,O
Vithoba,O
Mandir,O
Budhwar,O
Peth,O
Pune.411002,O
TAX,O
INVOICE,O
(,O
ORIGINAL,O
FOR,O
RECIPIENT,O
),O
:,O
Bill,O
To,O
:,O
SIDDHARTH,B-BUY_N
REAL,I-BUY_N
VENTURES,I-BUY_N
LLP,I-BUY_N
Ship,O
To,O
:,O
SIDDHARTH,O
REAL,O
VENTURES,O
LLP,O
e,O
-,O
Way,O
Bill,O
No,O
GEETAI,O
"SANKUL,2nd",O
FLOOR,O
PAUD,O
ROAD,O
Site,O
-,O
Navnamrata,O
Invoice,B-INV_L
No,I-INV_L
:,O
N11268\19,B-INV_NO
-,I-INV_NO
20,I-INV_NO
NEAR,O
RELIANCE,O
FRESH,O
PUNE-411038,O
Sr,O
.,O
No,O
.,O
119/2,O
+,O
3,O
Navnamrata,O
Invoice,B-INV_DL
Date,I-INV_DL
:,O
27-May-19,B-INV_DT
GSTIN,B-GSTL
/,I-GSTL
UIN,I-GSTL
:,O
27ACMFS9508B1ZX,B-BUY_G
Society,O
Paud,O
Road,O
Pune,O
Order,O
No,O
:,O
SAA,O
/,O
NN/2019/667,O
PAN,O
No,O
.,O
:,O
AAZFS3607C,O
Kothrud,O
Pune,O
Order,O
Date,O
:,O
24-May-19,O
Contact,O
-,O
Mr.,O
Santosh,O
Sir,O
Mode,O
of,O
Despatch,O
Mo-9975258821,O
Site,O
Name,O
:,O
NAVNAMRATA,O
-,O
KOTHRUD,O
Payment,O
Terms,O
:,O
60,O
Days,O
LR,O
.,O
No,O
/,O
Date,O
Sr,O
.,O
DESCRIPTION,O
HSN,O
GST,O
QUANTITY,O
UNIT,O
RATE,O
DISC,O
AMOUNT,O
No,O
ISAC,O
%,O
1,O
Polycab,O
1sqmm,O
FR,O
Insulated,O
Electrical,O
Wire,O
(,O
85446090,O
18,O
1,O
Coil,O
"1,810.22",O
"1,810.22",O
300mtr,O
),O
Black,O
(,O
-,O
NS,O
-,O
4,O
-,O
0,O
-,O
1,O
Coil,O
),O
2,O
Polycab,O
1sqmm,O
FR,O
Insulated,O
Electrical,O
Wire,O
(,O
85446090,O
18,O
1,O
Coil,O
"1,810.22",O
"1,810.22",O
300mtr,O
),O
Yellow,O
(,O
-,O
NS,O
-,O
4,O
-,O
0,O
-,O
1,O
Coil,O
),O
3,O
Polycab,O
1sqmm,O
FR,O
Insulated,O
Electrical,O
Wire,O
(,O
85446090,O
18,O
1,O
Coil,O
"1,810.22",O
"1,810.22",O
300mtr,O
),O
Blue,O
(,O
-,O
NS,O
-,O
5,O
-,O
0,O
-,O
1,O
Coil,O
),O
4,O
Polycab,O
1sqmm,O
FR,O
Insulated,O
Electrical,O
Wire,O
(,O
85446090,O
18,O
1,O
Coil,O
"1,810.22",O
"1,810.22",O
300mtr,O
),O
Red,O
(,O
-,O
NS,O
-,O
4,O
-,O
0,O
-,O
1,O
Coil,O
),O
Sem,O
SIGN,O
:,O
3015lig,O
gro,O
Transport,O
Total,O
Amount,O
In,O
-,O
words,O
:,O
INR,O
Nine,O
Thousand,O
One,O
Hundred,O
Thirty,O
Four,O
Only,O
.,O
Net,O
Amount,O
Bank,O
:,O
KOTAK,O
MAHINDRA,O
BANK,O
LTD,O
Terms,O
&,O
Conditions,O
:,O
Transport,O
Charges,O
GST,O
A,O
/,O
c,O
No,O
:,O
5.09044E+11,O
1)Goods,O
once,O
sold,O
/,O
delivered,O
will,O
not,O
be,O
taken,O
back,O
.,O
CGST,O
IFSC,O
:,O
KKBK0001769,O
2)Our,O
risk,O
&,O
responsibility,O
ceases,O
as,O
soon,O
as,O
goods,O
leaves,O
our,O
premises,O
.,O
Branch,O
:,O
FC,O
Road,O
Pune,O
3)Payment,O
to,O
be,O
made,O
within,O
due,O
date,O
/,O
C.O.D.,O
SGST,O
4,O
),O
Interest,O
will,O
be,O
charged,O
@,O
24,O
%,O
PA,O
on,O
remaining,O
unpaid,O
invoice,O
after,O
due,O
ROUND,O
OFF,O
(,O
SALES,O
],O
date,O
.,O
Grand,B-GT_AMTL
Total,I-GT_AMTL
Declaration,O
:,O
We,O
declare,O
that,O
this,O
invoice,O
shows,O
the,O
actual,O
price,O
of,O
the,O
goods,O
described,O
and,O
that,O
all,O
particulars,O
are,O
TRUE,O
and,O
correct,O
.,O
HSN,O
/,O
SAC,O
Basic,O
Add,O
/,O
Less,O
Taxable,O
Central,O
Tax,O
State,O
Tax,O
Value,O
Appr,O
.,O
Value,O
Value,O
Rate,O
Amount,O
Rate,O
Amount,O
85446090,O
"7,240.88",O
500,O
"7,740.88",O
9,O
%,O
696.68,O
696.68,O
Total,O
"7,240.88",O
500,O
"7,740.88",O
696.68,O
696.68,O
Tax,O
Amount,O
(,O
in,O
words,O
),O
:,O
INR,O
One,O
Thousand,O
Three,O
Hundred,O
Ninety,O
Three,O
and,O
Thirty,O
Six,O
paise,O
Only,O
Received,O
above,O
material,O
in,O
good,O
condition,O
&,O
order,O
Checked,O
By,O
For,O
INDIA,O
CABLES,O
"7,240.88",O
500,O
696.68,O
696.68,O
(,O
-)0.24,O
"9,134",B-GT_AMT
9,O
%,O
Total,O
Tax,O
Amount,O
"1,393.36",O
"1,393.36",O
Customer,O
's,O
Sign,O
.,O
&,O
Name,O
Date,O
Authorised,O
Signatory,O
SUBJECT,O
TO,O
PUNE,O
JURISDICTION,O
4,O
