Text,Tag
||,O
OM,O
11,O
C,O
INDIA,B-SUPP_N
CABLES,I-SUPP_N
Corporate,O
Office,O
Address:410,O
Ishwari,O
Krupa,O
Apartments,O
Near,O
Pasodya,O
Vithobha,O
Mandir,O
Budhwar,O
Peth,O
Pune,O
-,O
411002,O
PH,O
:,O
20,O
-,O
6640,O
5720,O
/,O
5721,O
66029616,O
Website,O
:,O
www.indiacables.in,O
E,O
-,O
Mail,O
:,O
sales@indiacables.in,O
.,O
GST,B-GSTL
No,I-GSTL
.,I-GSTL
:,O
27AAFF14780E1ZC,B-SUPP_G
PAN,O
NO,O
:,O
AAFF14780E,O
Dispatch,O
From,O
:,O
410,O
Ishwari,O
Krupa,O
Apartments,O
Near,O
Pasodya,O
Vithoba,O
Mandir,O
Budhwar,O
Peth,O
Pune.411002,O
TAX,O
INVOICE,O
(,O
ORIGINAL,O
FOR,O
RECIPIENT,O
),O
:,O
Bill,O
To,O
:,O
SAARRTHI,B-BUY_N
REALTY,I-BUY_N
&,I-BUY_N
INFRA,I-BUY_N
LLP,I-BUY_N
Ship,O
To,O
:,O
SAARRTHI,O
REALTY,O
&,O
INFRA,O
LLP,O
e,O
-,O
Way,O
Bill,O
No,O
Geeta,O
Sankul,O
2nd,O
Floor,O
Paud,O
Road,O
Near,O
Site,O
-,O
Bank,O
Baroda,O
Invoice,B-INV_L
No,I-INV_L
:,O
N-8173,B-INV_NO
-,I-INV_NO
19,I-INV_NO
-,I-INV_NO
20,I-INV_NO
Reliance,O
Fresh,O
Pune-411038,O
Sr,O
.,O
No.425,O
B/2,O
Chaturshingi,O
Raod,O
Invoice,B-INV_DL
Date,I-INV_DL
:,O
25-Feb-20,B-INV_DT
GSTIN,B-GSTL
/,I-GSTL
UIN,I-GSTL
:,O
27ACMFS8187L1Z3,B-BUY_G
Near,O
Om,O
Super,O
Market,O
Model,O
Colony,O
Order,O
No,O
:,O
SAA,O
/,O
BOB/2020/493,O
PAN,O
No,O
.,O
:,O
ACMFS8187L,O
Shivajinagar,O
Pune,O
Order,O
Date,O
:,O
24-Feb-20,O
Cont-,O
Macchindra,O
/,O
7030617755,O
Mode,O
of,O
Despatch,O
:,O
Site,O
Name,O
:,O
BANL,O
BARODA,O
Shivajinagar,O
Payment,O
Terms,O
LR,O
.,O
No,O
/,O
Date,O
DESCRIPTION,O
Sr,O
.,O
HSN,O
GST,O
QUANTITY,O
UNIT,O
RATE,O
DISC,O
AMOUNT,O
No,O
ISAC,O
%,O
Polycab,O
RCCB,O
40,O
Amp,O
4,O
Pole,O
100,O
MA,O
85362040,O
18,O
1,O
Nos,O
"1,748.25",O
"1,748.25",O
(,O
-,O
NS,O
-,O
7,O
-,O
0,O
-,O
1,O
Nos,O
),O
18,O
85362040,O
2,O
Polycab,O
RCCB,O
63,O
Amp,O
4,O
Pole,O
100,O
MA,O
1,O
Nos,O
"1,932.75",O
"1,932.75",O
(,O
-,O
NS,O
-,O
12,O
-,O
0,O
-,O
1,O
Nos,O
),O
85362040,O
18,O
3,O
Polycab,O
RCCB,O
40,O
Amp,O
2,O
Pole,O
100,O
MA,O
Nos,O
3,O
"1,517.40",O
"4,552.20",O
(,O
-,O
NS,O
-,O
4,O
-,O
0,O
-,O
3,O
Nos,O
),O
4,O
Polycab,O
18,O
Watt,O
LED,O
Tube,O
Light,O
Fitting,O
-,O
White,O
94054090,O
12,O
20,O
Nos,O
185,O
"3,700",O
(,O
-,O
NS,O
-,O
28-,O
0,O
-,O
20,O
Nos,O
),O
85446090,O
18,O
5,O
Polycab,O
2.5sqmm,O
x,O
4core,O
Copper,O
Flexible,O
Cable,O
100,O
65.66,O
Mtrs,O
"6,566",O
(,O
-,O
NS,O
-,O
1500,O
-,O
0,O
-,O
100,O
Mtrs,O
),O
85446090,O
18,O
200,O
6,O
Polycab,O
1sqmm,O
x,O
2core,O
Copper,O
Flexible,O
Cable,O
Mtrs,O
16.95,O
"3,390",O
(,O
-,O
NS,O
-,O
2100,O
-,O
0,O
-,O
200,O
Mtrs,O
),O
7,O
MCB,O
Box,O
MS,O
3,O
-,O
4,O
Pole,O
85371000,O
18,O
2,O
Nos,O
0.01,O
0.02,O
0.03,O
0.01,O
Nos,O
18,O
85371000,O
3,O
(,O
-,O
NS,O
-,O
14,O
-,O
0,O
-,O
2,O
Nos,O
),O
MCB,O
Box,O
MS,O
1,O
-,O
2,O
Pole,O
8,O
(,O
-,O
NS,O
-,O
3,O
-,O
1,O
-,O
3,O
Nos,O
),O
SITENAME,O
:,O
5,O
.,O
Tower,O
RECEIVED,O
SIGN,O
:,O
DATE,O
:,O
2812120,O
time,O
Raume,O
GRN,O
:,O
"21,889.25",O
600,O
"1,910",O
"1,910",O
(,O
-)0.25,O
"26,309",B-GT_AMT
Total,O
Amount,O
In,O
-,O
words,O
:,O
INR,O
Twenty,O
Six,O
Thousand,O
Three,O
Hundred,O
Nine,O
Only,O
.,O
Net,O
Amount,O
Bank,O
:,O
KOTAK,O
MAHINDRA,O
BANK,O
LTD,O
Terms,O
&,O
Conditions,O
:,O
Transport,O
Charges,O
GST,O
A,O
/,O
C,O
No,O
:,O
5.09044E+11,O
1,O
),O
Goods,O
once,O
sold,O
/,O
delivered,O
will,O
not,O
be,O
taken,O
back,O
.,O
Output,O
CGST,O
IFSC,O
:,O
KKBK0001769,O
2)Our,O
risk,O
&,O
responsibility,O
ceases,O
as,O
soon,O
as,O
goods,O
leaves,O
our,O
premises,O
.,O
Output,O
SGST,O
3)Payment,O
to,O
be,O
made,O
within,O
due,O
date,O
/,O
C.O.D.,O
Branch,O
:,O
FC,O
Road,O
Pune,O
4)Interest,O
will,O
be,O
charged,O
@,O
24,O
%,O
PA,O
on,O
remaining,O
unpaid,O
invoice,O
after,O
due,O
ROUND,O
OFF,O
[,O
SALES,O
],O
date,O
.,O
Grand,B-GT_AMTL
Total,I-GT_AMTL
Declaration,O
:,O
We,O
declare,O
that,O
this,O
invoice,O
shows,O
the,O
actual,O
price,O
of,O
the,O
goods,O
described,O
and,O
that,O
all,O
particulars,O
are,O
TRUE,O
and,O
correct,O
.,O
Basic,O
HSN,O
/,O
SAC,O
Add,O
/,O
Less,O
Taxabie,O
State,O
Tax,O
Central,O
Tax,O
Value,O
Appr,O
.,O
Value,O
Value,O
Rate,O
Amount,O
Rate,O
Amount,O
"8,233.20",O
225.68,O
9,O
%,O
"8,458.88",O
761.31,O
85362040,O
9,O
%,O
761.31,O
101.42,O
"3,700",O
6,O
%,O
"3,801.42",O
6,O
%,O
228.09,O
94054090,O
228.09,O
"9,956",O
272.9,O
9,O
%,O
"10,228.90",O
920.6,O
85446090,O
920.6,O
9,O
%,O
0.05,O
0.05,O
9,O
%,O
9,O
%,O
85371000,O
Total,O
600,O
"21,889.25",O
HO,O
10,O
"22,489.25",O
"1,910",O
Total,O
Tax,O
Amount,O
"1,522.62",O
456.18,O
"1,841.20",O
"3,820",O
ca,O
For,O
INDIA,O
CABLES,O
Checked,O
By,O
Tax,O
Amount,O
(,O
in,O
words,O
),O
:,O
INR,O
Three,O
Thousand,O
Eight,O
Hundred,O
Twenty,O
Only,O
Received,O
above,O
material,O
in,O
good,O
condition,O
&,O
order,O
Forfonla,O
Authors,O
giratory,O
Nome,O
Date,O
