Text,Tag
||,O
OM,O
11,O
To,O
INDIA,B-SUPP_N
CABLES,I-SUPP_N
Corporate,O
Office,O
Address:410,O
Ishwari,O
Krupa,O
Apartments,O
Near,O
Pasodya,O
Vithobha,O
Mandir,O
Budhwar,O
Peth,O
Pune,O
-,O
411002,O
PH,O
:,O
20,O
-,O
6640,O
5720,O
/,O
5721,O
66029616,O
Website,O
:,O
www.indiacables.in,O
E,O
-,O
Mail,O
:,O
sales@indiacables.in,O
.,O
GST,B-GSTL
No,I-GSTL
.,I-GSTL
:,O
27AAFF14780E1ZC,B-SUPP_G
PAN,O
NO,O
:,O
AAFF14780E,O
Dispatch,O
From,O
:,O
Sr,O
No.164,O
Phursungi,O
Village,O
road,O
Phursungi,O
Tal,O
-,O
Haveli,O
Pune,O
-,O
412308,O
TAX,O
INVOICE,O
(,O
ORIGINAL,O
FOR,O
RECIPIENT,O
),O
:,O
45,O
Days,O
Poc,O
Bill,O
To,O
:,O
SIDDHARTH,B-BUY_N
PROPERTIES,I-BUY_N
Ship,O
To,O
:,O
SIDDHARTH,O
PROPERTIES,O
e,O
-,O
Way,O
Bill,O
No,O
:,O
2.11202E+11,O
601,O
&,O
602,O
A,O
Wing,O
MCCIA,O
Trade,O
Tower,O
site:-,O
KASI,O
KAPADI,O
Invoice,B-INV_L
No,I-INV_L
:,O
PH-0656,B-INV_NO
-,I-INV_NO
20,I-INV_NO
-,I-INV_NO
21,I-INV_NO
ICC,O
Complex,O
Senapati,O
Bapat,O
Road,O
KASHI,O
KAPADI,O
PURAM,O
NEAR,O
EKLAVAYA,O
COLLEGE,O
Invoice,B-INV_DL
Date,I-INV_DL
:,O
25-Jun-20,B-INV_DT
Pune,O
-,O
411016,O
Kothrud,O
Pune,O
Order,O
No,O
:,O
SAA,O
/,O
K,O
Kapadi/2020/14087,O
GSTIN,B-GSTL
/,I-GSTL
UIN,I-GSTL
:,O
27AAZFS3607C1ZY,B-BUY_G
Contact,O
Person,O
-,O
Naresh-8805010620,O
Order,O
Date,O
PAN,O
No,O
.,O
:,O
AAZFS3607C,O
:,O
14-Aug-19,O
Mode,O
of,O
Despatch,O
:,O
Site,O
Name,O
:,O
KASI,O
KAPADI,O
Kothrud,O
Pune,O
Payment,O
Terms,O
LR,O
.,O
No,O
/,O
Date,O
Sr,O
.,O
DESCRIPTION,O
HSN,O
GST,O
QUANTITY,O
UNIT,O
RATE,O
DISC,O
AMOUNT,O
No,O
ISAC,O
%,O
1,O
.,O
Polycab,O
240sqmm,O
x,O
3.5core,O
Aluminium,O
Armoured,O
85446090,O
18,O
150,O
Mtrs,O
658.35,O
"98,752.50",O
Cable,O
(,O
2012DFG-6632,O
-,O
PH,O
-,O
502,O
-,O
0,O
-,O
150,O
Mtrs,O
),O
2,O
Polycab,O
150sqmm,O
x,O
3.5core,O
Aluminium,O
Armoured,O
85446090,O
18,O
127,O
Mtrs,O
419.1,O
"53,225.70",O
Cable,O
(,O
19,O
-,O
12DFG-210103,O
-,O
PH,O
-,O
127,O
-,O
0,O
-,O
127,O
Mtrs,O
),O
3,O
Polycab,O
185sqmm,O
x,O
3.5core,O
Aluminium,O
Armoured,O
85446090,O
18,O
140,O
Mtrs,O
523.05,O
"73,227",O
Cable,O
(,O
27AFG20025563,O
-,O
PH,O
-,O
140,O
-,O
0,O
-,O
140,O
Mtrs,O
),O
Po,O
-,O
14087,O
um,O
Total,O
Amount,O
In,O
-,O
words,O
:,O
INR,O
Two,O
Lakh,O
Sixty,O
Eight,O
Thousand,O
Six,O
Hundred,O
Ninety,O
Two,O
Only,O
.,O
Net,O
Amount,O
"2,25,205.20",O
Bank,O
:,O
KOTAK,O
MAHINDRA,O
BANK,O
LTD,O
Terms,O
&,O
Conditions,O
:,O
Transport,O
Charges,O
GST,O
"2,500",O
A,O
/,O
c,O
No,O
:,O
5.09044E+11,O
1,O
),O
Goods,O
once,O
sold,O
/,O
delivered,O
will,O
not,O
be,O
taken,O
back,O
.,O
IFSC,O
:,O
KKBK0001769,O
2)Our,O
risk,O
&,O
responsibility,O
ceases,O
as,O
soon,O
as,O
goods,O
leaves,O
our,O
premises,O
.,O
Output,O
CGST,O
"20,493.47",O
Branch,O
:,O
FC,O
Road,O
Pune,O
3)Payment,O
to,O
be,O
made,O
within,O
due,O
date,O
/,O
C.O.D.,O
Output,O
SGST,O
"20,493.47",O
4)Interest,O
will,O
be,O
charged,O
@,O
24,O
%,O
PA,O
on,O
remaining,O
unpaid,O
invoice,O
after,O
due,O
ROUND,O
OFF,O
[,O
SALES,O
],O
date,O
.,O
(,O
-)0.14,O
Grand,B-GT_AMTL
Total,I-GT_AMTL
"2,68,692",B-GT_AMT
Declaration,O
:,O
We,O
declare,O
that,O
this,O
invoice,O
shows,O
the,O
actual,O
price,O
of,O
the,O
goods,O
described,O
and,O
that,O
all,O
particulars,O
are,O
TRUE,O
and,O
correct,O
.,O
HSN,O
/,O
SAC,O
Basic,O
Add,O
/,O
Less,O
Taxable,O
Central,O
Tax,O
State,O
Tax,O
Total,O
Value,O
Appr,O
.,O
Value,O
Value,O
Rate,O
Amount,O
Rate,O
Amount,O
Tax,O
Amount,O
85446090,O
"2,25,205.20",O
"2,500",O
"2,27,705.20",O
9,O
%,O
"20,493.47",O
"20,493.47",O
"40,986.94",O
Total,O
"2,25,205.20",O
"2,500",O
"2,27,705.20",O
"20,493.47",O
"20,493.47",O
"40,986.94",O
Tax,O
Amount,O
(,O
in,O
words,O
),O
:,O
INR,O
Forty,O
Thousand,O
Nine,O
Hundred,O
Eighty,O
Six,O
and,O
Ninety,O
Four,O
paise,O
Only,O
Received,O
above,O
material,O
in,O
good,O
condition,O
&,O
order,O
Checked,O
By,O
For,O
INDIA,O
CABLES,O
Customer,O
's,O
Sign,O
.,O
&,O
Name,O
Date,O
Authorised,O
Signatory,O
