Text,Tag
Not,O
in,O
Mo,O
No-8149458010ROPERTIES,O
||,O
OM,O
II,O
INDIA,B-SUPP_N
CABLES,I-SUPP_N
Corporate,O
Office,O
Address:410,O
Ishwari,O
Krupa,O
Apartments,O
Near,O
Pasodya,O
Vithobha,O
Mandir,O
Budhwar,O
Peth,O
Pune,O
-,O
411002,O
PH,O
:,O
20,O
-,O
6640,O
5720,O
/,O
5721,O
66029616,O
Website,O
:,O
www.indiacables.in,O
E,O
-,O
Mail,O
:,O
sales@indiacables.in,O
.,O
GST,B-GSTL
No,I-GSTL
.,I-GSTL
:,O
27AAFF14780E1ZC,B-SUPP_G
PAN,O
NO,O
:,O
AAFF14780E,O
Dispatch,O
From,O
:,O
410,O
Ishwari,O
Krupa,O
Apartments,O
Near,O
Pasodya,O
Vithoba,O
Mandir,O
Budhwar,O
Peth,O
Pune.411002,O
TAX,O
INVOICE,O
(,O
ORIGINAL,O
FOR,O
RECIPIENT,O
),O
C,O
С,O
(,O
PENSE,O
offi,O
4112ll,O
Date,O
Bill,O
To,O
:,O
SIDDHARTH,B-BUY_N
PROPERTIES,I-BUY_N
e,O
-,O
Way,O
Bill,O
No,O
:,O
601,O
&,O
602,O
A,O
Wing,O
MCCIA,O
Trade,O
Tower,O
Site,O
-,O
Head,O
Office,O
Invoice,B-INV_L
No,I-INV_L
:,O
N-6163,B-INV_NO
-,I-INV_NO
19,I-INV_NO
-,I-INV_NO
20,I-INV_NO
ICC,O
Complex,O
Senapati,O
Bapat,O
Road,O
By,O
Hand,O
Mr,O
-,O
Nitin,O
Pravoice,B-INV_DL
Date,I-INV_DL
:,O
04-Dec-19,B-INV_DT
Pune,O
-,O
411016,O
Order,O
No,O
:,O
By,O
Mail,O
GSTIN,B-GSTL
/,I-GSTL
UIN,I-GSTL
:,O
27AAZFS3607C1ZY,B-BUY_G
Order,O
Date,O
:,O
04-Dec-19,O
PAN,O
No,O
.,O
:,O
AAZFS3607C,O
Mode,O
of,O
Despatch,O
:,O
By,O
Hand,O
Mr,O
-,O
Nitin,O
Site,O
Name,O
:,O
Head,O
Office,O
Payment,O
Terms,O
LR,O
.,O
No,O
/,O
Date,O
Sr,O
.,O
DESCRIPTION,O
HSN,O
GST,O
QUANTITY,O
UNIT,O
RATE,O
DISC,O
AMOUNT,O
No,O
ISAC,O
%,O
Levana,O
RJ,O
11,O
Telephone,O
Socket,O
85362030,O
4,O
Nos,O
152,O
50,O
%,O
304,O
NS,O
-,O
86,O
-,O
0,O
-,O
4,O
Nos,O
),O
SLVO400101,O
Levana,O
Pro,O
4,O
Module,O
Plate,O
8538,O
18,O
1,O
Nos,O
140,O
50,O
%,O
70,O
(,O
-,O
NS,O
-,O
2,O
-,O
0,O
-,O
1,O
Nos,O
),O
SLVO900413,O
3,O
Polycab,O
4,O
Module,O
Surface,O
Box,O
85381090,O
18,O
1,O
Nos,O
80,O
50,O
%,O
40,O
(,O
-,O
NS,O
-,O
29-,O
0,O
-,O
1,O
Nos,O
),O
4,O
Polycab,O
4,O
Pair,O
0.4,O
mm,O
PVC,O
insulated,O
Telephone,O
85444992,O
18,O
2,O
Coil,O
"1,690.00",O
49,O
%,O
"1,723.80",O
Wire,O
(,O
90mtr,O
),O
(,O
-,O
NS,O
-,O
9,O
-,O
0,O
-,O
2,O
Coil,O
),O
18,O
Por14221,O
GRN-22269/1,O
C.,O
Req-35033,O
On,O
go,O
"2,137.80",O
192.4,O
192.4,O
0.4,O
Total,O
Amount,O
In,O
-,O
words,O
:,O
INR,O
Two,O
Thousand,O
Five,O
Hundred,O
Twenty,O
Three,O
Only,O
.,O
Net,O
Amount,O
Bank,O
:,O
Terms,O
&,O
Conditions,O
:,O
Output,O
CGST,O
A,O
/,O
C,O
No,O
:,O
1)Goods,O
once,O
sold,O
/,O
delivered,O
will,O
not,O
be,O
taken,O
back,O
.,O
IFSC,O
:,O
2)Our,O
risk,O
&,O
responsibility,O
ceases,O
as,O
soon,O
as,O
goods,O
leaves,O
our,O
premises,O
.,O
Output,O
SGST,O
Branch,O
:,O
3)Payment,O
to,O
be,O
made,O
within,O
due,O
date,O
/,O
C.O.D.,O
ROUND,O
OFF,O
[,O
SALES,O
],O
4)Interest,O
will,O
be,O
charged,O
@,O
24,O
%,O
PA,O
on,O
remaining,O
unpaid,O
invoice,O
after,O
due,O
date,O
.,O
Grand,B-GT_AMTL
Total,I-GT_AMTL
Declaration,O
:,O
We,O
declare,O
that,O
this,O
invoice,O
shows,O
the,O
actual,O
price,O
of,O
the,O
goods,O
described,O
and,O
that,O
all,O
particulars,O
are,O
TRUE,O
and,O
correct,O
.,O
HSN,O
/,O
SAC,O
Basic,O
Add,O
/,O
Less,O
Taxable,O
Central,O
Tax,O
State,O
Tax,O
Value,O
Appr,O
.,O
Value,O
Value,O
Rate,O
Amount,O
Rate,O
Amount,O
85362030,O
304,O
304,O
9,O
%,O
27.36,O
9,O
%,O
27.36,O
8538,O
70,O
70,O
9,O
%,O
6.3,O
9,O
%,O
6.3,O
85381090,O
40,O
40,O
3.6,O
9,O
%,O
3.6,O
85444992,O
"1,723.80",O
"1,723.80",O
9,O
%,O
155.14,O
9,O
%,O
155.14,O
Total,O
"2,137.80",O
"2,137.80",O
192.4,O
192.4,O
"2,523",B-GT_AMT
Total,O
Tax,O
Amount,O
54.72,O
12.6,O
7.2,O
310.28,O
384.8,O
9,O
%,O
Tax,O
Amount,O
(,O
in,O
words,O
),O
:,O
INR,O
Three,O
Hundred,O
Eighty,O
Four,O
and,O
Eighty,O
paise,O
Only,O
Received,O
above,O
material,O
in,O
good,O
condition,O
&,O
order,O
Checked,O
By,O
For,O
INDIA,O
CABLES,O
Pu,O
Customer,O
's,O
Sign,O
.,O
&,O
Name,O
Date,O
Authorised,O
Signatory,O
Eppui,O
SUBJECT,O
TO,O
PUNE,O
JURISDICTION,O
This,O
is,O
a,O
Computer,O
Generated,O
Invoice,O
