Text,Tag
Saksham,B-SUPP_N
&,I-SUPP_N
CO,I-SUPP_N
303,O
Lloyds,O
Chamber,O
Mangalwar,O
Peth,O
Pune,O
Mob,O
:,O
91,O
-,O
8381086284,O
MAHARASHTRA,O
INDIA,O
TAX,O
INVOICE,O
(,O
See,O
rule,O
46,O
read,O
with,O
Section,O
31,O
of,O
the,O
Central,O
Goods,O
And,O
Services,O
Tax,O
Act,O
2017,O
),O
Invoice,B-INV_L
No,I-INV_L
.,I-INV_L
:,O
40,B-INV_NO
ORIGINAL,O
FOR,O
RECIPIENT,O
Date,B-INV_DL
:,O
19-10-2020,B-INV_DT
DUPLICATE,O
FOR,O
TRANSPORTER,O
GST,B-GSTL
IN,I-GSTL
:,O
27BEMPLO248G1ZH,B-SUPP_G
TRIPLICATE,O
FOR,O
SUPPLIER,O
Details,O
of,O
Buyer,O
(,O
Billed,O
to,O
),O
Details,O
of,O
Consignee,O
(,O
Shiped,O
to,O
),O
Name,O
Saarrthi,B-BUY_N
Reality,I-BUY_N
&,I-BUY_N
Infra,I-BUY_N
LLP,I-BUY_N
Name,O
Saarrthi,O
Reality,O
&,O
Infra,O
LLP,O
Siddarth,O
Properties,O
Sr,O
.,O
No.132,O
/,O
A-2,O
-,O
1,O
Kakade,O
Buzz,O
Icon,O
3rd,O
Floor,O
Near,O
E,O
-,O
Square,O
Theatre,O
Shivaji,O
Eltis,O
Plot,O
no.419,O
Model,O
Colony,O
Gokhale,O
Cross,O
Road,O
Next,O
to,O
Nagar,O
Pune-411005,O
Atur,O
Street,O
Pune-411016,O
GST,B-GSTL
IN,I-GSTL
:,O
27ACMFS8187L1Z3,B-BUY_G
State,O
Code,O
:,O
27,O
GST,O
IN,O
:,O
27ACMFS8187L1Z3,O
State,O
Code,O
:,O
27,O
Tel,O
.,O
No,O
.,O
:,O
20,O
-,O
25633364,O
Tel,O
.,O
No,O
.,O
:,O
7030617755,O
Customer,O
PO,O
No,O
.,O
:,O
Telephonic,O
Conversation,O
dated,O
03.10.2020,O
Challan,O
No,O
's,O
:,O
4,O
Signature,O
Payment,O
Terms,O
:,O
Immediae,O
Against,O
Delivery,O
Date,O
of,O
Supply,O
:,O
19.10.2020,O
Place,O
of,O
Work,O
:,O
Shivaji,O
Nagar,O
Pune,O
Sr,O
.,O
No,O
.,O
Description,O
Specification,O
of,O
Goods,O
HSN,O
Rate,O
Quantity,O
Total,O
Discount/,O
Taxable,O
Code,O
Value,O
Abatement,O
Value,O
Mcube,O
(,O
INR,O
),O
(,O
INR,O
),O
(,O
INR,O
),O
1,O
AAC,O
Blocks,O
6815,O
9910,O
2952.4,O
15.3,O
45171.72,O
0,O
45171.72,O
Make,O
:,O
Greencube,O
125,O
mm,O
Thick,O
:,O
850,O
Nos,O
.,O
Pio,O
612,O
GRN-22378/,O
an,O
Remarks,O
:,O
Mail,O
Approval,O
dated,O
27.09.2020,O
0,O
0,O
Add,O
:,O
Freight,O
Add,O
:,O
Other,O
(,O
Insurance/,O
P&F,O
etc,O
),O
Less,O
:,O
Advance,O
Recevied,O
Total,O
Taxable,O
Value,O
(,O
A,O
),O
In,O
INR,O
0,O
"45,171.72",O
Amount,O
in,O
words,O
CGST,O
2.5,O
%,O
Total,O
Invoice,O
Amount,O
in,O
(,O
Rs,O
.,O
),O
Fourty,O
Seven,O
Thousand,O
Four,O
Hundred,O
Thirty,O
Rupees,O
Only,O
In,O
INR,O
"1,129.29",O
SGST,O
2.5,O
%,O
Total,O
Invoice,O
Amount,O
Words,O
Fourty,O
Seven,O
Thousand,O
Four,O
Hundred,O
Thirty,O
Rupees,O
Only,O
In,O
INR,O
"1,129.29",O
0,O
%,O
Integrated,O
Tax,O
(,O
IGST,O
),O
In,O
INR,O
GST,O
Payable,O
on,O
Reverse,O
Charge,O
:,O
N.,O
A.,O
Round,O
off,O
-0.31,O
"47,430",B-GT_AMT
GRAND,B-GT_AMTL
TOTAL,I-GT_AMTL
Declaration,O
In,O
INR,O
For,O
Saksham,O
&,O
Co.,O
We,O
declare,O
that,O
all,O
particulars,O
given,O
herein,O
are,O
TRUE,O
and,O
correct,O
Authorised,O
Signatory,O
This,O
is,O
computer,O
generated,O
invoice,O
does,O
n't,O
require,O
signature,O
